{"type":"FeatureCollection","features":[{"type":"Feature","properties":{"State_Name":"Andaman & Nicobar"},"geometry":{"type":"MultiPolygon","coordinates":[[[[92.901238,12.910712],[92.952198,12.807972],[92.926191,12.774527],[92.979322,12.709516],[92.941191,12.626313],[92.96854,12.496389],[92.906524,12.4774],[92.957378,12.47293],[92.91229,12.450619],[92.910554,12.406014],[92.835571,12.501212],[92.825477,12.471982],[92.898658,12.416924],[92.79576,12.437888],[92.786489,12.483883],[92.787121,12.437078],[92.833819,12.410478],[92.799031,12.400756],[92.838277,12.408627],[92.822953,12.374206],[92.842203,12.39179],[92.898838,12.333738],[92.84777,12.343477],[92.831324,12.302679],[92.770313,12.333756],[92.763717,12.301747],[92.719308,12.300102],[92.683876,12.609015],[92.773151,12.670471],[92.778821,12.58003],[92.799031,12.661294],[92.78124,12.735102],[92.768355,12.672938],[92.731939,12.674819],[92.722117,12.825882],[92.737577,12.804354],[92.77261,12.842476],[92.782913,12.763235],[92.789982,12.889339],[92.847433,12.875797],[92.900851,12.910893],[92.901238,12.910712]]],[[[92.791167,12.849634],[92.791019,12.849706],[92.790803,12.849684],[92.791167,12.849634]]],[[[93.030151,13.567622],[93.039598,13.491879],[93.004966,13.463211],[93.033537,13.435455],[92.9888,13.427385],[93.067524,13.397054],[93.024822,13.373159],[92.998914,13.395781],[93.031642,13.345068],[92.945203,13.351072],[92.948484,13.317769],[92.996913,13.314896],[92.973737,13.281892],[93.001696,13.264964],[93.002392,13.303841],[93.043406,13.254255],[93.064537,13.272281],[93.033423,13.081711],[92.959433,13.015598],[92.944786,13.122273],[92.921908,13.056829],[92.875113,13.135648],[92.912061,13.066761],[92.885695,13.045321],[92.857902,13.07986],[92.843602,13.050587],[92.912448,13.054679],[92.894181,13.011058],[92.936901,12.974672],[92.909778,12.947134],[92.89559,12.995688],[92.870127,12.934726],[92.842545,12.956482],[92.875267,12.905728],[92.841338,12.876866],[92.800844,12.899943],[92.78972,12.961706],[92.837039,13.023018],[92.787849,13.019498],[92.792689,13.0906],[92.814145,13.072337],[92.829257,13.108839],[92.809503,13.126921],[92.847143,13.118185],[92.848338,13.150219],[92.808676,13.153327],[92.849162,13.16114],[92.817941,13.184335],[92.831101,13.242826],[92.863034,13.184832],[92.821529,13.279497],[92.86946,13.390806],[92.841985,13.402949],[92.923826,13.384559],[92.874118,13.402563],[92.898732,13.428695],[92.870729,13.472268],[92.917703,13.500903],[92.931337,13.471374],[92.915004,13.533276],[92.984506,13.527277],[92.987554,13.573538],[93.012993,13.539133],[93.029901,13.568291],[93.030151,13.567622]]],[[[92.696153,12.238933],[92.703611,12.137723],[92.71925,12.179721],[92.756368,12.176972],[92.734082,12.083353],[92.782349,12.048219],[92.760474,12.019518],[92.72692,12.044651],[92.76846,11.997276],[92.713343,11.993834],[92.711386,11.820508],[92.745439,11.932145],[92.783168,11.935997],[92.791199,11.885806],[92.754252,11.701245],[92.661272,11.653612],[92.673065,11.606601],[92.718342,11.681873],[92.755488,11.664484],[92.71024,11.47804],[92.646175,11.521654],[92.633096,11.589906],[92.61657,11.562457],[92.608127,11.620744],[92.638823,11.61218],[92.647552,11.645449],[92.607463,11.634124],[92.592419,11.735295],[92.560548,11.694569],[92.552268,11.849301],[92.514451,11.848254],[92.561645,11.946774],[92.613961,11.83088],[92.621935,12.101399],[92.695983,12.239051],[92.696153,12.238933]]],[[[93.837326,7.239959],[93.943,6.998619],[93.909234,7.00031],[93.940537,6.954071],[93.887998,6.902887],[93.896975,6.814152],[93.844586,6.81607],[93.823982,6.754078],[93.73818,6.96325],[93.693235,7.013802],[93.656291,7.0065],[93.645262,7.126812],[93.674884,7.190867],[93.777947,7.195652],[93.837249,7.24075],[93.837326,7.239959]]],[[[92.520743,10.897637],[92.586605,10.787581],[92.597102,10.681055],[92.539409,10.610735],[92.568621,10.578226],[92.51318,10.513796],[92.43337,10.550627],[92.388627,10.532852],[92.420653,10.615455],[92.38341,10.67096],[92.378388,10.782386],[92.520368,10.897737],[92.520743,10.897637]]],[[[92.810348,12.312951],[92.853621,12.281231],[92.872094,12.301712],[92.884073,12.198089],[92.832833,12.214946],[92.855115,12.158649],[92.82277,12.166582],[92.814799,12.106077],[92.763307,12.06372],[92.737717,12.098556],[92.774882,12.242666],[92.741021,12.245376],[92.787558,12.280242],[92.770654,12.313012],[92.810038,12.31324],[92.810348,12.312951]]],[[[93.371473,8.02168],[93.452385,7.936232],[93.451108,7.873568],[93.415664,7.907686],[93.341771,7.892967],[93.349908,7.961168],[93.310244,7.932475],[93.318458,8.004075],[93.370992,8.022028],[93.371473,8.02168]]],[[[93.700101,7.445446],[93.743222,7.362095],[93.636157,7.24417],[93.620766,7.372989],[93.707087,7.384308],[93.700052,7.445609],[93.700101,7.445446]]],[[[93.512044,8.234795],[93.535929,8.203068],[93.488086,8.144756],[93.539743,8.03739],[93.497619,8.036211],[93.491045,7.99935],[93.476168,8.046369],[93.525235,8.081472],[93.47558,8.053137],[93.445051,8.16743],[93.511363,8.235034],[93.512044,8.234795]]],[[[92.792538,9.23849],[92.82645,9.139881],[92.728177,9.126464],[92.7204,9.218329],[92.763588,9.216068],[92.772937,9.258512],[92.790868,9.240281],[92.792538,9.23849]]],[[[92.635612,11.512178],[92.684555,11.436108],[92.645821,11.406485],[92.690433,11.375007],[92.598402,11.346644],[92.586426,11.400704],[92.62234,11.405177],[92.635559,11.512788],[92.635612,11.512178]]],[[[92.69468,12.991309],[92.720511,12.889561],[92.667232,12.782983],[92.646975,12.86172],[92.69428,12.991634],[92.69468,12.991309]]],[[[92.687505,12.987201],[92.687431,12.987124],[92.687381,12.987069],[92.687505,12.987201]]],[[[92.682005,12.982389],[92.681959,12.982132],[92.681895,12.981965],[92.682005,12.982389]]],[[[92.662455,12.795813],[92.662239,12.795727],[92.662023,12.795574],[92.662455,12.795813]]],[[[92.659605,12.795063],[92.659822,12.795121],[92.660089,12.795162],[92.659605,12.795063]]],[[[92.966517,12.041075],[93.007743,12.019671],[93.043699,11.884442],[92.925248,11.995435],[92.96609,12.041893],[92.966517,12.041075]]],[[[93.116882,8.356393],[93.116587,8.275864],[93.19058,8.197046],[93.076842,8.273833],[93.116637,8.356466],[93.116882,8.356393]]],[[[93.071902,12.210271],[93.07417,12.083597],[93.066694,12.131637],[93.035756,12.132281],[93.071263,12.210389],[93.071902,12.210271]]],[[[92.217554,11.594003],[92.268145,11.585605],[92.268063,11.523014],[92.211597,11.52998],[92.218265,11.594098],[92.217554,11.594003]]],[[[93.536865,8.028031],[93.572605,7.993863],[93.56755,7.931218],[93.498516,7.98613],[93.521915,8.026427],[93.543713,7.990009],[93.535958,8.028632],[93.536865,8.028031]]],[[[92.99926,12.106158],[92.995354,12.041755],[92.954191,12.07999],[92.958019,12.110575],[92.999007,12.106185],[92.99926,12.106158]]],[[[93.026701,12.144352],[93.044004,12.045788],[93.006015,12.079434],[93.02586,12.145432],[93.026701,12.144352]]],[[[92.987268,12.159962],[93.002805,12.11206],[92.977392,12.108137],[92.952111,12.147088],[92.987167,12.16036],[92.987268,12.159962]]],[[[92.734718,12.239594],[92.762963,12.182905],[92.722355,12.18833],[92.733818,12.240213],[92.734718,12.239594]]],[[[93.055115,13.378756],[93.088668,13.335977],[93.064007,13.30409],[93.038744,13.322762],[93.054626,13.379352],[93.055115,13.378756]]],[[[92.934418,12.302604],[92.921821,12.229177],[92.900774,12.288249],[92.934296,12.302859],[92.934418,12.302604]]],[[[92.899789,12.255877],[92.914467,12.219862],[92.878394,12.207748],[92.869644,12.245539],[92.899743,12.256033],[92.899789,12.255877]]],[[[93.607784,8.571323],[93.612372,8.423829],[93.607752,8.571716],[93.607784,8.571323]]],[[[92.954468,12.43431],[92.929985,12.358483],[92.954411,12.434475],[92.954468,12.43431]]],[[[93.01724,11.844318],[93.070421,11.835679],[93.047173,11.813105],[93.017057,11.844478],[93.01724,11.844318]]],[[[92.707361,12.830017],[92.716444,12.719142],[92.707251,12.830152],[92.707361,12.830017]]],[[[93.570216,8.127163],[93.583641,8.039843],[93.569322,8.127212],[93.570216,8.127163]]],[[[93.104079,12.250345],[93.098672,12.204526],[93.102361,12.245639],[93.062012,12.233492],[93.104011,12.251438],[93.104079,12.250345]]],[[[92.541708,11.602471],[92.564441,11.573541],[92.528971,11.554974],[92.54074,11.603203],[92.541708,11.602471]]],[[[93.020401,13.670778],[93.027822,13.628421],[92.976126,13.653672],[93.020909,13.671388],[93.020401,13.670778]]],[[[92.709737,12.297353],[92.709812,12.229659],[92.70903,12.297457],[92.709737,12.297353]]],[[[92.887413,12.408021],[92.88381,12.376391],[92.843782,12.395295],[92.887386,12.40824],[92.887413,12.408021]]],[[[93.005278,12.996811],[92.978229,12.932945],[92.951059,12.98052],[93.005389,12.99706],[93.005278,12.996811]]],[[[93.229317,8.261396],[93.22884,8.22448],[93.229422,8.261658],[93.229317,8.261396]]],[[[92.928571,13.023764],[92.942182,12.997052],[92.928424,13.023954],[92.928571,13.023764]]],[[[92.857782,12.334826],[92.899948,12.323497],[92.857587,12.334955],[92.857782,12.334826]]],[[[93.04807,8.441348],[93.03305,8.471867],[93.048133,8.44171],[93.04807,8.441348]]],[[[92.595513,11.97622],[92.597798,11.928098],[92.595247,11.976536],[92.595513,11.97622]]],[[[92.761627,11.965922],[92.735332,11.952044],[92.761443,11.966031],[92.761627,11.965922]]],[[[92.691463,11.243325],[92.704553,11.289684],[92.69172,11.24352],[92.691463,11.243325]]],[[[92.842772,13.435793],[92.82183,13.421198],[92.842938,13.43596],[92.842772,13.435793]]],[[[92.779818,12.859113],[92.783419,12.824438],[92.77967,12.86055],[92.779818,12.859113]]],[[[92.726117,12.865371],[92.711161,12.832046],[92.725942,12.865715],[92.726117,12.865371]]],[[[92.791097,12.915289],[92.791533,12.892056],[92.791162,12.915808],[92.791097,12.915289]]],[[[92.591608,11.563857],[92.594481,11.533078],[92.591136,11.564178],[92.591608,11.563857]]],[[[92.613395,11.583197],[92.61412,11.582957],[92.614642,11.582953],[92.613395,11.583197]]],[[[92.718755,13.098388],[92.699934,13.070997],[92.718487,13.098483],[92.718755,13.098388]]],[[[92.72298,11.318544],[92.695452,11.30976],[92.722843,11.318951],[92.72298,11.318544]]],[[[92.766301,12.272362],[92.766191,12.271738],[92.766025,12.271201],[92.766301,12.272362]]],[[[93.066021,13.651943],[93.045767,13.621246],[93.065346,13.652603],[93.066021,13.651943]]],[[[92.74756,12.283011],[92.732626,12.246496],[92.748313,12.284683],[92.74756,12.283011]]],[[[92.718879,11.934551],[92.717882,11.90251],[92.718259,11.934479],[92.718879,11.934551]]],[[[92.935055,12.223994],[92.932186,12.196075],[92.934467,12.224098],[92.935055,12.223994]]],[[[92.61362,11.5532],[92.609271,11.531358],[92.613065,11.553855],[92.61362,11.5532]]],[[[92.559192,11.533432],[92.559422,11.532745],[92.559632,11.532361],[92.559192,11.533432]]],[[[92.676654,12.540627],[92.677248,12.540423],[92.677703,12.540319],[92.676654,12.540627]]],[[[92.90183,13.600616],[92.883765,13.574808],[92.90171,13.600661],[92.90183,13.600616]]],[[[92.864649,12.930955],[92.864898,12.930923],[92.86534,12.9311],[92.864649,12.930955]]],[[[93.004859,13.306441],[93.005159,13.306179],[93.005413,13.306193],[93.004859,13.306441]]],[[[93.022653,13.328776],[93.020938,13.303872],[93.021675,13.329087],[93.022653,13.328776]]],[[[93.119753,12.148318],[93.119804,12.14754],[93.119896,12.147075],[93.119753,12.148318]]],[[[93.70503,7.221086],[93.70508,7.220819],[93.705139,7.220702],[93.70503,7.221086]]],[[[92.950477,12.084688],[92.946859,12.116684],[92.950817,12.085103],[92.950477,12.084688]]],[[[93.530615,7.526261],[93.530873,7.526153],[93.531081,7.526135],[93.530615,7.526261]]],[[[92.222161,10.98441],[92.223162,10.984306],[92.223638,10.984369],[92.222161,10.98441]]],[[[92.762494,12.852231],[92.762767,12.85144],[92.763301,12.851467],[92.762494,12.852231]]],[[[92.835954,12.422044],[92.836067,12.422004],[92.836124,12.421999],[92.835954,12.422044]]],[[[92.720699,12.778785],[92.720726,12.778274],[92.720813,12.777528],[92.720699,12.778785]]],[[[92.613486,10.927382],[92.612755,10.927382],[92.612023,10.927576],[92.613486,10.927382]]],[[[92.914622,12.355544],[92.914946,12.355162],[92.915594,12.354427],[92.914622,12.355544]]],[[[93.682558,7.4011],[93.682494,7.400851],[93.682354,7.400761],[93.682558,7.4011]]],[[[92.6612,10.981949],[92.660596,10.981845],[92.659942,10.981935],[92.6612,10.981949]]],[[[92.72804,11.9466],[92.728485,11.946216],[92.729867,11.946197],[92.72804,11.9466]]],[[[92.788041,12.883347],[92.787668,12.882981],[92.787207,12.882958],[92.788041,12.883347]]],[[[92.866009,12.235238],[92.86544,12.235139],[92.865187,12.235256],[92.866009,12.235238]]],[[[92.962466,12.947722],[92.962816,12.94769],[92.963138,12.947703],[92.962466,12.947722]]],[[[92.77219,12.932521],[92.772563,12.932394],[92.772913,12.932598],[92.77219,12.932521]]],[[[92.861975,12.412561],[92.861768,12.412568],[92.861485,12.412597],[92.861975,12.412561]]],[[[92.756259,12.901949],[92.75626,12.899847],[92.756147,12.896901],[92.756259,12.901949]]],[[[92.712957,12.692885],[92.712855,12.692396],[92.71316,12.692573],[92.712957,12.692885]]],[[[93.080123,11.778835],[93.079856,11.778849],[93.07954,11.778998],[93.080123,11.778835]]],[[[92.602733,11.533384],[92.602985,11.533131],[92.603471,11.533194],[92.602733,11.533384]]],[[[92.765206,12.869969],[92.764051,12.868685],[92.763793,12.868184],[92.765206,12.869969]]],[[[92.81306,13.418258],[92.81306,13.418204],[92.813087,13.418114],[92.81306,13.418258]]],[[[93.756272,7.403472],[93.756526,7.403422],[93.756784,7.403423],[93.756272,7.403472]]],[[[92.764559,12.934607],[92.764933,12.933599],[92.765542,12.93204],[92.764559,12.934607]]],[[[92.937969,12.917908],[92.938213,12.917637],[92.93824,12.917637],[92.937969,12.917908]]],[[[92.759192,12.180829],[92.759987,12.180675],[92.760671,12.180617],[92.759192,12.180829]]],[[[92.8697,13.512886],[92.86994,13.512792],[92.870292,13.512774],[92.8697,13.512886]]],[[[93.089695,13.410092],[93.088813,13.410074],[93.087876,13.410173],[93.089695,13.410092]]],[[[93.071376,13.430725],[93.071408,13.430458],[93.071394,13.430092],[93.071376,13.430725]]],[[[93.056013,12.119742],[93.055935,12.119349],[93.055388,12.118404],[93.056013,12.119742]]],[[[92.676447,11.182859],[92.676919,11.182751],[92.677614,11.182705],[92.676447,11.182859]]],[[[93.636638,7.478535],[93.637059,7.478264],[93.637398,7.47801],[93.636638,7.478535]]],[[[92.917999,13.511505],[92.918133,13.511451],[92.918262,13.511528],[92.917999,13.511505]]],[[[92.724084,12.736024],[92.724383,12.735992],[92.724627,12.736055],[92.724084,12.736024]]],[[[92.733055,11.145259],[92.732954,11.145128],[92.732528,11.145227],[92.733055,11.145259]]],[[[93.642846,8.394585],[93.643332,8.393301],[93.643491,8.393107],[93.642846,8.394585]]],[[[92.765312,11.676949],[92.764538,11.675537],[92.76387,11.674407],[92.765312,11.676949]]],[[[92.722524,12.692838],[92.722639,12.692625],[92.722004,12.692789],[92.722524,12.692838]]],[[[92.907304,13.536638],[92.907511,13.536606],[92.907793,13.536584],[92.907304,13.536638]]],[[[92.697366,11.663964],[92.698063,11.663702],[92.698164,11.663715],[92.697366,11.663964]]],[[[92.562367,11.395418],[92.562243,11.394898],[92.561982,11.394559],[92.562367,11.395418]]],[[[93.095643,13.437716],[93.095846,13.43768],[93.09628,13.437649],[93.095643,13.437716]]],[[[92.917015,13.039834],[92.916734,13.039856],[92.916591,13.03991],[92.917015,13.039834]]],[[[92.764302,12.917981],[92.763929,12.917592],[92.763459,12.9178],[92.764302,12.917981]]],[[[92.735094,12.280588],[92.734832,12.279924],[92.734694,12.280417],[92.735094,12.280588]]],[[[93.025486,12.274343],[93.024897,12.274135],[93.024373,12.274247],[93.025486,12.274343]]],[[[92.598275,11.913767],[92.598206,11.91355],[92.59817,11.913269],[92.598275,11.913767]]],[[[93.074095,13.302032],[93.074515,13.301824],[93.074788,13.301824],[93.074095,13.302032]]],[[[93.619988,7.331168],[93.620486,7.330978],[93.620758,7.331014],[93.619988,7.331168]]],[[[93.018428,13.345176],[93.019074,13.344814],[93.019092,13.34485],[93.018428,13.345176]]],[[[92.902869,12.421524],[92.90284,12.421235],[92.902761,12.420975],[92.902869,12.421524]]],[[[92.681588,12.214498],[92.681368,12.214448],[92.681087,12.214543],[92.681588,12.214498]]],[[[92.728924,12.184364],[92.728156,12.183948],[92.727306,12.184333],[92.728924,12.184364]]],[[[92.75031,12.890879],[92.749227,12.89078],[92.748619,12.891249],[92.75031,12.890879]]],[[[92.754009,12.141228],[92.75349,12.140975],[92.752975,12.14139],[92.754009,12.141228]]],[[[93.052656,13.559925],[93.052494,13.559871],[93.052207,13.560169],[93.052656,13.559925]]],[[[92.724734,11.990178],[92.724926,11.990096],[92.725257,11.990087],[92.724734,11.990178]]],[[[92.775348,12.016062],[92.775315,12.015903],[92.775173,12.0157],[92.775348,12.016062]]],[[[92.768295,12.288623],[92.768146,12.288449],[92.768015,12.288449],[92.768295,12.288623]]],[[[92.546993,11.393552],[92.546677,11.39343],[92.546494,11.393457],[92.546993,11.393552]]],[[[92.69819,12.243547],[92.698084,12.24347],[92.697914,12.24352],[92.69819,12.243547]]],[[[92.575005,11.567077],[92.574826,11.566222],[92.574707,11.566001],[92.575005,11.567077]]],[[[92.609299,11.504304],[92.609029,11.504254],[92.608689,11.504286],[92.609299,11.504304]]],[[[92.880518,12.245109],[92.879796,12.244888],[92.879415,12.244974],[92.880518,12.245109]]],[[[93.072069,12.327651],[93.072239,12.327262],[93.072749,12.326846],[93.072069,12.327651]]],[[[92.916037,13.057846],[92.915691,13.057837],[92.915516,13.057882],[92.916037,13.057846]]],[[[93.000806,13.568748],[93.000275,13.56839],[92.999573,13.568462],[93.000806,13.568748]]],[[[92.725975,12.83472],[92.725966,12.834715],[92.725975,12.834715],[92.725975,12.83472]]],[[[93.0915,13.411381],[93.091278,13.411164],[93.090415,13.411697],[93.0915,13.411381]]],[[[92.603378,11.929209],[92.603199,11.92901],[92.602946,11.929331],[92.603378,11.929209]]],[[[92.582407,11.982374],[92.582463,11.982315],[92.58255,11.982117],[92.582407,11.982374]]],[[[92.874285,13.540559],[92.874382,13.54013],[92.874521,13.539782],[92.874285,13.540559]]],[[[92.876574,12.294114],[92.876417,12.294125],[92.876263,12.294181],[92.876574,12.294114]]],[[[92.965868,13.332606],[92.965596,13.332243],[92.965017,13.332496],[92.965868,13.332606]]],[[[93.621725,7.478995],[93.621394,7.478986],[93.621131,7.479135],[93.621725,7.478995]]],[[[92.794944,13.168498],[92.794419,13.168155],[92.793828,13.168218],[92.794944,13.168498]]],[[[92.844574,12.414929],[92.844298,12.414938],[92.844001,12.414977],[92.844574,12.414929]]],[[[92.724724,11.686025],[92.723758,11.686032],[92.722883,11.686137],[92.724724,11.686025]]],[[[92.723052,11.140838],[92.722494,11.140806],[92.722096,11.140969],[92.723052,11.140838]]],[[[92.890945,12.937708],[92.891489,12.937418],[92.891544,12.936813],[92.890945,12.937708]]],[[[92.722904,12.622687],[92.722954,12.622429],[92.722894,12.62195],[92.722904,12.622687]]],[[[92.728006,13.09087],[92.727748,13.090716],[92.72754,13.09078],[92.728006,13.09087]]],[[[92.913953,13.062712],[92.913727,13.062382],[92.91305,13.062504],[92.913953,13.062712]]],[[[92.741013,11.965102],[92.740654,11.965075],[92.740278,11.96527],[92.741013,11.965102]]],[[[93.085724,12.228706],[93.085559,12.227978],[93.085568,12.227589],[93.085724,12.228706]]],[[[92.722135,11.951383],[92.721809,11.951325],[92.721488,11.9517],[92.722135,11.951383]]],[[[92.899573,12.258442],[92.899458,12.258451],[92.899256,12.258514],[92.899573,12.258442]]],[[[93.060394,13.224756],[93.06014,13.224724],[93.05997,13.22481],[93.060394,13.224756]]],[[[92.722766,12.254486],[92.722817,12.254346],[92.723313,12.254418],[92.722766,12.254486]]],[[[93.834631,7.287952],[93.834423,7.287871],[93.834278,7.287911],[93.834631,7.287952]]],[[[92.627231,11.542963],[92.6268,11.542543],[92.626589,11.542583],[92.627231,11.542963]]],[[[93.058987,13.222292],[93.058688,13.222225],[93.058291,13.222396],[93.058987,13.222292]]],[[[92.865164,12.305972],[92.865412,12.305918],[92.865651,12.3059],[92.865164,12.305972]]],[[[92.898438,12.409575],[92.898512,12.409245],[92.8985,12.408771],[92.898438,12.409575]]],[[[92.577426,11.582396],[92.576858,11.582333],[92.576606,11.582392],[92.577426,11.582396]]],[[[92.931755,13.049433],[92.931704,13.049429],[92.931644,13.04946],[92.931755,13.049433]]],[[[92.564941,11.567728],[92.564725,11.567737],[92.564656,11.567764],[92.564941,11.567728]]],[[[93.599021,8.583601],[93.598981,8.583285],[93.598967,8.582969],[93.599021,8.583601]]],[[[92.986622,12.998734],[92.986184,12.998594],[92.985944,12.998617],[92.986622,12.998734]]],[[[92.76392,12.296627],[92.763594,12.296563],[92.763355,12.296595],[92.76392,12.296627]]],[[[93.076445,13.36391],[93.07609,13.363444],[93.07597,13.36334],[93.076445,13.36391]]],[[[92.669133,12.953973],[92.669188,12.953697],[92.669175,12.953503],[92.669133,12.953973]]],[[[92.911394,12.332059],[92.911311,12.33205],[92.911212,12.332077],[92.911394,12.332059]]],[[[93.060834,13.383457],[93.060617,13.383475],[93.060515,13.383507],[93.060834,13.383457]]],[[[92.892069,12.897078],[92.89142,12.897078],[92.890655,12.897376],[92.892069,12.897078]]],[[[93.0976,12.13428],[93.096979,12.134126],[93.096823,12.134257],[93.0976,12.13428]]],[[[92.753666,12.293268],[92.753411,12.293065],[92.753238,12.292981],[92.753666,12.293268]]],[[[92.73927,12.11051],[92.738861,12.110393],[92.738677,12.110443],[92.73927,12.11051]]],[[[92.729585,12.856824],[92.729819,12.856684],[92.729847,12.856698],[92.729585,12.856824]]],[[[92.701463,12.638464],[92.701136,12.638468],[92.70086,12.638536],[92.701463,12.638464]]],[[[92.670721,12.951781],[92.670804,12.951614],[92.670822,12.951437],[92.670721,12.951781]]],[[[92.670431,12.949472],[92.670504,12.949458],[92.670564,12.949458],[92.670431,12.949472]]],[[[92.909794,12.913981],[92.909167,12.913881],[92.908771,12.91394],[92.909794,12.913981]]],[[[92.881198,12.239179],[92.880835,12.239197],[92.880559,12.239387],[92.881198,12.239179]]],[[[92.667159,12.951256],[92.667237,12.951234],[92.667269,12.951189],[92.667159,12.951256]]],[[[92.675453,12.949036],[92.675315,12.948842],[92.675025,12.948512],[92.675453,12.949036]]],[[[93.092421,12.21844],[93.092265,12.218332],[93.092155,12.218368],[93.092421,12.21844]]],[[[92.905094,12.338431],[92.904961,12.338322],[92.904644,12.338358],[92.905094,12.338431]]],[[[93.01453,13.339014],[93.014604,13.338851],[93.014549,13.33862],[93.01453,13.339014]]],[[[92.654311,12.770365],[92.654228,12.77031],[92.654146,12.770338],[92.654311,12.770365]]],[[[93.494914,8.048864],[93.495077,8.048751],[93.495154,8.048584],[93.494914,8.048864]]],[[[92.643633,11.513274],[92.643357,11.513152],[92.643192,11.513192],[92.643633,11.513274]]],[[[93.006792,13.335525],[93.00646,13.335439],[93.006423,13.335453],[93.006792,13.335525]]],[[[93.08076,13.367603],[93.080576,13.367503],[93.080086,13.367838],[93.08076,13.367603]]],[[[93.899798,7.081291],[93.899631,7.081277],[93.899414,7.081426],[93.899798,7.081291]]],[[[93.092907,12.223748],[93.092769,12.223739],[93.092613,12.223838],[93.092907,12.223748]]],[[[92.766975,12.9163],[92.766749,12.916268],[92.766408,12.916508],[92.766975,12.9163]]],[[[93.45315,8.138262],[93.452651,8.138308],[93.452523,8.138452],[93.45315,8.138262]]],[[[92.593375,11.589144],[92.593146,11.589144],[92.592848,11.589189],[92.593375,11.589144]]],[[[93.019124,12.223314],[93.018834,12.223328],[93.018623,12.223423],[93.019124,12.223314]]],[[[93.579688,8.095793],[93.579592,8.095766],[93.579506,8.09587],[93.579688,8.095793]]],[[[92.726178,12.654682],[92.726169,12.654614],[92.726095,12.654542],[92.726178,12.654682]]],[[[93.624626,8.398166],[93.62469,8.398144],[93.624781,8.398144],[93.624626,8.398166]]],[[[93.229357,8.223033],[93.229248,8.222997],[93.229135,8.22301],[93.229357,8.223033]]],[[[93.631927,8.39501],[93.632086,8.394979],[93.632217,8.394974],[93.631927,8.39501]]],[[[92.669241,12.952174],[92.669043,12.952183],[92.668923,12.952224],[92.669241,12.952174]]],[[[93.513451,8.074958],[93.513211,8.074958],[93.513084,8.075043],[93.513451,8.074958]]],[[[92.863835,12.912986],[92.863706,12.912814],[92.863609,12.912895],[92.863835,12.912986]]],[[[93.45521,8.139573],[93.454638,8.139184],[93.454493,8.139397],[93.45521,8.139573]]],[[[92.667467,12.952174],[92.667555,12.952138],[92.66767,12.95207],[92.667467,12.952174]]],[[[93.078386,13.377279],[93.078755,13.377066],[93.078764,13.377075],[93.078386,13.377279]]],[[[93.076537,13.433257],[93.076763,13.433226],[93.077004,13.433207],[93.076537,13.433257]]],[[[93.45362,8.13234],[93.453403,8.132326],[93.453395,8.13234],[93.45362,8.13234]]],[[[92.725359,11.995441],[92.724983,11.995301],[92.724882,11.995337],[92.725359,11.995441]]],[[[93.622268,7.478176],[93.622109,7.478176],[93.622001,7.478253],[93.622268,7.478176]]],[[[93.578272,8.096986],[93.578054,8.097005],[93.577959,8.097099],[93.578272,8.096986]]],[[[93.457291,8.131168],[93.456951,8.131172],[93.456774,8.131272],[93.457291,8.131168]]],[[[92.670587,12.948251],[92.670666,12.948242],[92.670781,12.948233],[92.670587,12.948251]]],[[[93.579143,8.095255],[93.579048,8.095223],[93.578839,8.095246],[93.579143,8.095255]]],[[[93.513844,8.06465],[93.513722,8.064564],[93.513645,8.064582],[93.513844,8.06465]]],[[[93.514619,8.069149],[93.514533,8.069153],[93.514446,8.069194],[93.514619,8.069149]]],[[[93.45431,8.131263],[93.454069,8.131263],[93.453924,8.131422],[93.45431,8.131263]]],[[[93.456261,8.132651],[93.456148,8.132656],[93.456057,8.132796],[93.456261,8.132651]]],[[[93.454972,8.130047],[93.454859,8.130052],[93.454772,8.130165],[93.454972,8.130047]]],[[[93.455181,8.12931],[93.455076,8.129278],[93.454999,8.129306],[93.455181,8.12931]]],[[[93.456615,8.131873],[93.456669,8.13176],[93.456629,8.131643],[93.456615,8.131873]]]]}},{"type":"Feature","properties":{"State_Name":"Chandigarh"},"geometry":{"type":"MultiPolygon","coordinates":[[[[76.77232,30.7942],[76.848268,30.730383],[76.807273,30.66705],[76.705163,30.742974],[76.771766,30.794976],[76.77232,30.7942]]]]}},{"type":"Feature","properties":{"State_Name":"Dadra and Nagar Haveli and Daman and Diu"},"geometry":{"type":"MultiPolygon","coordinates":[[[[72.963394,20.332268],[72.971479,20.29719],[72.962675,20.33228],[72.963394,20.332268]]],[[[73.097653,20.359478],[73.102167,20.30189],[73.149573,20.31753],[73.165407,20.286264],[73.063625,20.227643],[73.060432,20.161902],[73.115852,20.15218],[73.137727,20.207591],[73.21791,20.185933],[73.185572,20.155843],[73.215032,20.119237],[73.192506,20.049734],[73.064232,20.098599],[73.039823,20.067339],[72.998131,20.142875],[72.972123,20.114916],[72.966154,20.224882],[72.911929,20.269524],[72.932439,20.29539],[72.973216,20.27036],[73.007684,20.312511],[73.034626,20.291448],[73.097064,20.360236],[73.097653,20.359478]]],[[[72.982253,20.213942],[73.008515,20.228966],[72.980282,20.21496],[72.982253,20.213942]]],[[[72.866608,20.463384],[72.895329,20.444301],[72.857259,20.418917],[72.904052,20.41497],[72.89616,20.379061],[72.804612,20.372265],[72.843979,20.476489],[72.864876,20.463707],[72.866608,20.463384]]],[[[70.930558,20.729387],[70.999999,20.715889],[70.875401,20.711988],[70.929911,20.733794],[70.930558,20.729387]]],[[[71.005202,20.739006],[70.984906,20.728099],[71.002612,20.741236],[71.005202,20.739006]]],[[[71.154539,20.763518],[71.157552,20.761724],[71.150382,20.758436],[71.154539,20.763518]]]]}},{"type":"Feature","properties":{"State_Name":"Delhi"},"geometry":{"type":"MultiPolygon","coordinates":[[[[77.105909,28.870046],[77.145745,28.837982],[77.213545,28.856036],[77.202617,28.792501],[77.291509,28.706192],[77.33107,28.713141],[77.316257,28.641253],[77.342409,28.608923],[77.297086,28.566007],[77.3474,28.518423],[77.3141,28.483633],[77.243301,28.478846],[77.250167,28.426115],[77.216609,28.409754],[77.1285,28.440962],[77.094685,28.513827],[77.006639,28.54136],[77.010264,28.514688],[76.883927,28.500765],[76.842497,28.556101],[76.887781,28.631639],[76.943732,28.628253],[76.948329,28.815419],[77.040003,28.831839],[77.082401,28.883818],[77.105019,28.870246],[77.105909,28.870046]]]]}},{"type":"Feature","properties":{"State_Name":"Haryana"},"geometry":{"type":"MultiPolygon","coordinates":[[[[76.575256,30.100625],[76.64224,30.149686],[76.603364,30.193108],[76.640824,30.193352],[76.635914,30.168636],[76.656017,30.186189],[76.596104,30.255713],[76.54805,30.222498],[76.556663,30.26249],[76.623417,30.264602],[76.746079,30.349588],[76.712832,30.390257],[76.741038,30.426271],[76.777238,30.441274],[76.823374,30.4116],[76.846777,30.438133],[76.897517,30.359351],[76.939168,30.391945],[76.88642,30.429676],[76.931134,30.500921],[76.886487,30.549882],[76.916151,30.553718],[76.925999,30.610118],[76.871206,30.642177],[76.876433,30.680558],[76.831528,30.664802],[76.856975,30.794802],[76.777387,30.896654],[76.822391,30.928598],[76.869567,30.873177],[76.91686,30.900821],[76.942627,30.817484],[77.012246,30.809898],[77.028188,30.734515],[77.095811,30.738771],[77.167186,30.683956],[77.172315,30.60131],[77.122809,30.563341],[77.195678,30.522618],[77.210734,30.464776],[77.354173,30.458244],[77.404723,30.408645],[77.45648,30.455662],[77.422323,30.409727],[77.44324,30.395396],[77.502485,30.404668],[77.523202,30.443531],[77.604347,30.368543],[77.477246,30.182434],[77.424082,30.157143],[77.42078,30.101615],[77.277775,30.041862],[77.276008,29.996092],[77.185763,29.907563],[77.179204,29.812702],[77.119811,29.76011],[77.156557,29.692617],[77.083956,29.587275],[77.126837,29.559485],[77.096371,29.519529],[77.1574,29.387362],[77.123284,29.37039],[77.161154,29.332411],[77.133966,29.09605],[77.189121,29.027713],[77.228087,28.881236],[77.195453,28.886248],[77.209904,28.857757],[77.157084,28.83674],[77.082401,28.883818],[77.040003,28.831839],[76.950809,28.818309],[76.943732,28.628253],[76.888267,28.631933],[76.838949,28.573046],[76.883927,28.500765],[77.010264,28.514688],[77.006639,28.54136],[77.094685,28.513827],[77.174401,28.404705],[77.249306,28.42421],[77.243301,28.478846],[77.345437,28.513275],[77.477632,28.419078],[77.50483,28.370017],[77.471224,28.334851],[77.507079,28.30571],[77.492691,28.252011],[77.550429,28.242392],[77.530373,28.198749],[77.497294,28.206053],[77.549641,28.179799],[77.5021,28.161232],[77.512355,28.124893],[77.474347,28.086755],[77.545006,27.9536],[77.529386,27.925521],[77.475279,27.929288],[77.45764,27.874524],[77.418765,27.889486],[77.421851,27.854413],[77.348327,27.855583],[77.241731,27.784411],[77.202066,27.824627],[77.135212,27.775955],[77.04479,27.821851],[77.026569,27.779275],[77.085653,27.738124],[77.00009,27.737004],[76.979087,27.653632],[76.910571,27.654685],[76.889054,27.697185],[76.924439,27.699956],[76.892259,27.732361],[76.942294,27.842931],[76.930784,27.993572],[76.97054,28.138466],[76.868133,28.21977],[76.808391,28.210906],[76.794803,28.148432],[76.65725,28.089335],[76.668147,28.013867],[76.548125,27.963876],[76.543808,28.034244],[76.454657,28.042349],[76.501524,28.060088],[76.447828,28.088985],[76.49935,28.099687],[76.475724,28.14861],[76.380726,28.133431],[76.292264,28.179243],[76.35986,28.124941],[76.301442,28.09789],[76.355605,28.070749],[76.342312,28.03059],[76.298977,28.02273],[76.260962,28.067556],[76.180406,28.054545],[76.21474,28.026607],[76.157781,27.989003],[76.217328,27.816833],[76.174965,27.798093],[76.088887,27.860579],[76.04808,27.835007],[75.971373,27.85199],[75.987484,27.904186],[75.932397,27.930164],[75.97271,27.93269],[75.999956,27.977602],[75.965818,27.983634],[75.995536,28.006913],[75.972731,28.023657],[76.040795,28.074074],[75.984424,28.04711],[75.94561,28.107188],[76.031798,28.167882],[76.095448,28.150887],[76.016139,28.236982],[76.026323,28.275057],[75.918234,28.372034],[75.776765,28.400449],[75.788278,28.453594],[75.633455,28.544484],[75.621687,28.602108],[75.561498,28.613257],[75.473372,28.923424],[75.51154,28.942104],[75.521804,29.003909],[75.445708,29.008336],[75.371481,29.138133],[75.414365,29.184349],[75.410506,29.255723],[75.349824,29.223814],[75.322941,29.289513],[75.238374,29.230281],[75.187997,29.268305],[75.119583,29.222905],[75.075519,29.229734],[75.050002,29.286189],[74.961145,29.280625],[74.938263,29.362079],[74.850527,29.403649],[74.762178,29.354419],[74.658201,29.372009],[74.654483,29.332975],[74.599258,29.327501],[74.534628,29.447754],[74.584621,29.458544],[74.621866,29.522289],[74.574942,29.564365],[74.616103,29.752199],[74.477259,29.745357],[74.484457,29.814315],[74.561048,29.869687],[74.510031,29.908236],[74.531755,29.949241],[74.646853,29.904387],[74.706654,29.976939],[74.816016,29.991985],[74.897289,29.939453],[74.926748,29.950297],[74.990925,29.867725],[75.069961,29.877097],[75.098761,29.91283],[75.100558,29.80713],[75.150967,29.775572],[75.165618,29.826092],[75.210285,29.832923],[75.24133,29.750532],[75.167572,29.669577],[75.235362,29.60311],[75.235351,29.542114],[75.30945,29.56088],[75.295716,29.62508],[75.333743,29.67352],[75.360148,29.662643],[75.345708,29.696047],[75.457418,29.806962],[75.580052,29.739474],[75.642442,29.775128],[75.706424,29.753229],[75.720653,29.813581],[75.834808,29.814509],[75.870233,29.749349],[75.984398,29.727155],[76.04345,29.742747],[76.098064,29.810658],[76.123934,29.790961],[76.243803,29.852458],[76.171957,29.926324],[76.253467,30.088972],[76.207642,30.156602],[76.321747,30.095111],[76.350476,30.146886],[76.400047,30.116721],[76.387164,30.170646],[76.421837,30.192457],[76.463002,30.100678],[76.511861,30.07203],[76.575234,30.100609],[76.575256,30.100625]]]]}},{"type":"Feature","properties":{"State_Name":"Jharkhand"},"geometry":{"type":"MultiPolygon","coordinates":[[[[87.696128,24.160268],[87.575886,24.160888],[87.610289,24.132343],[87.558891,24.081366],[87.497596,24.117796],[87.512011,24.036018],[87.437988,24.012873],[87.460062,23.984117],[87.329223,23.998659],[87.337023,24.03394],[87.245438,24.044989],[87.295384,23.902033],[87.26953,23.874366],[87.246249,23.908673],[87.240721,23.825753],[87.233922,23.856422],[87.12947,23.868857],[87.167316,23.82504],[87.122568,23.796119],[86.973902,23.868857],[86.94692,23.845974],[86.915718,23.883144],[86.881322,23.863062],[86.889872,23.819581],[86.874712,23.847529],[86.826744,23.814117],[86.805484,23.837459],[86.828316,23.753212],[86.799347,23.688902],[86.713004,23.698531],[86.461892,23.629714],[86.387839,23.573991],[86.379342,23.473696],[86.310189,23.411769],[86.247522,23.411597],[86.246057,23.459598],[86.148515,23.465293],[86.158669,23.559427],[86.051875,23.586226],[86.016823,23.547466],[86.054176,23.486867],[85.870879,23.475469],[85.863658,23.431571],[85.902683,23.398452],[85.869795,23.388841],[85.883597,23.350297],[85.819707,23.268416],[85.894208,23.155196],[86.043731,23.144864],[86.04922,23.105996],[86.132741,23.084013],[86.223068,22.994772],[86.304621,23.016718],[86.393984,22.980962],[86.547049,22.989339],[86.525512,22.947228],[86.435848,22.925829],[86.467348,22.900816],[86.419432,22.790921],[86.510627,22.70473],[86.548073,22.720802],[86.635096,22.665529],[86.658591,22.575623],[86.765867,22.575624],[86.800953,22.488276],[86.750712,22.482407],[86.751151,22.455728],[86.845594,22.399791],[86.833208,22.324398],[86.890218,22.284966],[86.886794,22.25731],[86.813474,22.267452],[86.803063,22.244312],[86.792268,22.266234],[86.802284,22.21785],[86.777736,22.236682],[86.751143,22.210995],[86.656103,22.235711],[86.496925,22.347132],[86.439776,22.303153],[86.283428,22.44775],[86.118504,22.486612],[86.04547,22.567438],[85.957129,22.464737],[86.02708,22.395033],[85.998044,22.341531],[86.048793,22.307909],[85.973884,22.246992],[86.031305,22.189918],[85.909172,21.969241],[85.766045,21.994833],[85.795648,22.08066],[85.838357,22.079437],[85.807427,22.116026],[85.685281,22.054444],[85.651625,22.09536],[85.545182,22.089621],[85.371081,22.160906],[85.238142,22.009265],[85.098525,22.105832],[85.03929,22.115436],[84.986912,22.082574],[85.02845,22.122131],[85.07022,22.273322],[85.116996,22.294382],[85.07658,22.356068],[85.067196,22.484194],[84.88621,22.42008],[84.880111,22.44884],[84.810246,22.453243],[84.74995,22.41888],[84.53529,22.426977],[84.429442,22.352428],[84.291496,22.342795],[84.156317,22.40763],[84.140868,22.473813],[84.00893,22.52514],[84.009505,22.573049],[84.084016,22.638116],[84.233463,22.680756],[84.231863,22.741833],[84.289366,22.766227],[84.333617,22.860568],[84.372502,22.865263],[84.395866,22.939157],[84.374143,22.979076],[84.219216,22.978761],[84.185802,23.027092],[84.149492,22.965378],[84.13346,23.08309],[84.037469,23.139879],[84.074756,23.333271],[84.05099,23.374507],[84.005711,23.353871],[83.962345,23.385346],[83.971006,23.466922],[84.028056,23.545602],[84.016591,23.634375],[83.931906,23.620413],[83.937694,23.568992],[83.77532,23.608954],[83.72286,23.685865],[83.746068,23.719495],[83.705347,23.820757],[83.57119,23.862135],[83.51572,24.027166],[83.451492,24.042731],[83.431663,24.085938],[83.32967,24.101742],[83.409141,24.266298],[83.380072,24.313102],[83.457306,24.36452],[83.386608,24.448133],[83.401546,24.503404],[83.872716,24.532149],[83.936815,24.549619],[84.008381,24.642747],[84.10837,24.477441],[84.145669,24.537479],[84.178254,24.505105],[84.188342,24.553254],[84.256903,24.52687],[84.297252,24.560422],[84.327559,24.500274],[84.297441,24.44899],[84.43081,24.356548],[84.424427,24.329768],[84.505058,24.331308],[84.496249,24.286269],[84.56758,24.409151],[84.665326,24.390922],[84.686447,24.456676],[84.80222,24.530573],[84.838823,24.512653],[84.83988,24.452299],[84.887414,24.463127],[84.903946,24.372158],[84.974693,24.374618],[85.079562,24.433419],[85.088795,24.372203],[85.17398,24.420523],[85.152681,24.455111],[85.226154,24.463193],[85.288242,24.523005],[85.391746,24.529872],[85.370855,24.555194],[85.52386,24.5209],[85.580667,24.60069],[85.668037,24.578915],[85.649049,24.68452],[85.707204,24.724468],[85.736726,24.820714],[85.867292,24.804614],[85.945388,24.732891],[86.055334,24.779668],[86.036946,24.740599],[86.094246,24.744846],[86.128582,24.698677],[86.124646,24.611212],[86.166915,24.58368],[86.215006,24.613787],[86.259249,24.578129],[86.32285,24.586833],[86.276176,24.46584],[86.445325,24.367777],[86.499756,24.509812],[86.60346,24.608086],[86.669428,24.566111],[86.787062,24.616378],[86.802141,24.570209],[86.881335,24.574093],[86.916488,24.545074],[86.939849,24.652479],[87.05112,24.608482],[87.095759,24.802675],[87.074521,24.817667],[87.156762,24.880936],[87.150378,25.026013],[87.241352,25.116848],[87.295552,25.088484],[87.327567,25.223564],[87.478153,25.194328],[87.487446,25.297244],[87.543021,25.280981],[87.584072,25.349372],[87.61049,25.313191],[87.692046,25.311534],[87.711089,25.257546],[87.778717,25.250462],[87.795778,25.087238],[87.939928,24.991287],[87.96234,24.937756],[87.890803,24.855103],[87.900309,24.82296],[87.870082,24.82611],[87.868701,24.774255],[87.836617,24.765787],[87.836174,24.789775],[87.817753,24.760861],[87.90785,24.721229],[87.914304,24.636987],[87.875232,24.613668],[87.908873,24.585689],[87.852047,24.553854],[87.771739,24.583665],[87.808867,24.5474],[87.79426,24.501257],[87.828322,24.498508],[87.801397,24.383073],[87.706024,24.260359],[87.638869,24.254687],[87.696062,24.160552],[87.696128,24.160268]]],[[[86.361142,22.825596],[86.369896,22.866794],[86.36008,22.825927],[86.361142,22.825596]]],[[[86.382293,22.826079],[86.382043,22.824268],[86.382561,22.823846],[86.382293,22.826079]]]]}},{"type":"Feature","properties":{"State_Name":"Karnataka"},"geometry":{"type":"MultiPolygon","coordinates":[[[[77.33232,18.450861],[77.414114,18.393107],[77.365808,18.307125],[77.437683,18.310313],[77.465055,18.262535],[77.512649,18.309597],[77.605434,18.281346],[77.563476,18.196127],[77.598818,18.09333],[77.547649,18.05613],[77.655867,17.968838],[77.506567,17.785954],[77.568543,17.748907],[77.452439,17.694706],[77.443126,17.583966],[77.506905,17.542282],[77.52839,17.575368],[77.593806,17.564514],[77.596905,17.534305],[77.692452,17.49743],[77.657369,17.480919],[77.656897,17.506462],[77.575866,17.430717],[77.513003,17.430873],[77.529805,17.370715],[77.45361,17.373994],[77.458538,17.279002],[77.38019,17.222536],[77.40375,17.209898],[77.363726,17.158788],[77.463623,17.110002],[77.50253,17.01411],[77.454013,16.913904],[77.476497,16.788375],[77.439494,16.789139],[77.426062,16.722882],[77.474044,16.716566],[77.469795,16.687038],[77.418854,16.668581],[77.476104,16.650115],[77.467389,16.598845],[77.392867,16.569984],[77.419108,16.522387],[77.369004,16.488681],[77.235753,16.472756],[77.349087,16.383856],[77.48968,16.385024],[77.593911,16.343901],[77.597797,16.29312],[77.490053,16.25519],[77.515644,16.227799],[77.486138,16.162994],[77.513424,15.926797],[77.185275,15.956753],[77.08456,15.918654],[77.032602,15.856929],[77.065456,15.827362],[77.049081,15.730272],[77.128865,15.665877],[77.121404,15.631097],[77.083171,15.659158],[77.030413,15.634506],[77.030018,15.502662],[76.973996,15.498249],[77.063722,15.328022],[77.113076,15.333691],[77.166905,15.268596],[77.125093,15.226952],[77.169105,15.17136],[77.08242,15.006094],[77.049532,15.03309],[76.877132,15.030225],[76.835986,15.079252],[76.776664,15.07842],[76.766507,14.975636],[76.867427,14.96984],[76.869589,14.937727],[76.853942,14.809462],[76.782652,14.785957],[76.802908,14.741903],[76.764956,14.602143],[76.86792,14.474056],[76.974773,14.485346],[76.942786,14.399735],[76.915787,14.420709],[76.884775,14.395726],[76.884713,14.347553],[76.95668,14.294363],[76.924852,14.2738],[76.94001,14.244624],[77.107712,14.219922],[77.157299,14.342111],[77.238156,14.317371],[77.286522,14.340109],[77.283492,14.282747],[77.363775,14.275836],[77.391941,14.19891],[77.419344,14.211633],[77.392759,14.335841],[77.503817,14.263754],[77.503458,14.157124],[77.393672,14.174254],[77.351321,14.129989],[77.347418,14.103645],[77.400872,14.118721],[77.332252,14.030698],[77.390107,14.016705],[77.381592,13.976242],[77.43783,13.975529],[77.399966,13.888297],[77.347786,13.915973],[77.371235,13.95276],[77.32218,14.030004],[77.149172,14.001176],[77.127352,14.047028],[77.027634,14.061762],[77.023282,14.176703],[76.947519,14.198192],[76.894487,14.167829],[76.885866,14.138256],[76.924933,14.137126],[76.977521,14.071305],[76.931085,14.030218],[77.041605,13.933448],[76.977967,13.826883],[76.998448,13.745589],[77.024418,13.779239],[77.064645,13.743847],[77.172997,13.762023],[77.168631,13.829632],[77.128039,13.856069],[77.168527,13.864503],[77.184657,13.925198],[77.200377,13.863049],[77.235569,13.904148],[77.256641,13.846533],[77.432466,13.843224],[77.422513,13.7991],[77.464536,13.806084],[77.455277,13.682269],[77.484983,13.71479],[77.525179,13.691009],[77.52721,13.753817],[77.560511,13.722412],[77.627661,13.734605],[77.621017,13.768443],[77.680023,13.786781],[77.671663,13.760484],[77.717307,13.741077],[77.719254,13.800278],[77.837019,13.869742],[77.826536,13.944725],[77.926714,13.905326],[77.98257,13.957685],[77.952928,13.827352],[78.00043,13.872926],[78.046139,13.86213],[78.048812,13.896089],[78.12358,13.845349],[78.091467,13.742273],[78.113163,13.692731],[78.069019,13.697805],[78.08705,13.643062],[78.16752,13.65582],[78.204138,13.628416],[78.192912,13.564841],[78.235987,13.599264],[78.402197,13.587249],[78.365747,13.358645],[78.408335,13.345676],[78.378187,13.337178],[78.401039,13.31546],[78.483337,13.32116],[78.532113,13.266926],[78.569472,13.309212],[78.579397,13.215615],[78.549691,13.189682],[78.579697,13.167349],[78.516977,13.131579],[78.538437,13.105719],[78.462126,13.043204],[78.46739,12.975012],[78.411091,12.945259],[78.466624,12.9054],[78.464698,12.866754],[78.445507,12.911786],[78.388623,12.906849],[78.355803,12.940733],[78.312373,12.858511],[78.252125,12.860545],[78.230878,12.760653],[78.134163,12.781962],[78.05326,12.853851],[78.023793,12.856499],[78.009679,12.805737],[77.952263,12.857116],[77.920483,12.828157],[77.929252,12.890915],[77.835941,12.870331],[77.79239,12.842706],[77.808463,12.796727],[77.739852,12.672993],[77.598797,12.667164],[77.580271,12.551596],[77.616247,12.509186],[77.5836,12.478802],[77.634546,12.487605],[77.616725,12.368205],[77.551253,12.291214],[77.478976,12.271282],[77.47183,12.208427],[77.733258,12.178083],[77.776305,12.112284],[77.675588,11.95202],[77.494696,11.943894],[77.427173,11.760896],[77.249763,11.813066],[77.11063,11.773529],[77.117588,11.721128],[77.066803,11.788039],[77.034984,11.769838],[77.029763,11.804735],[76.982874,11.811911],[76.969804,11.776921],[76.900258,11.783981],[76.834881,11.65548],[76.853457,11.597034],[76.613855,11.607624],[76.559825,11.622542],[76.511548,11.705054],[76.416628,11.671778],[76.413935,11.760135],[76.339642,11.739041],[76.280112,11.812391],[76.223625,11.808245],[76.190293,11.871254],[76.119915,11.850352],[76.112402,11.978764],[76.003108,11.931437],[75.858435,11.9589],[75.802641,12.079476],[75.661559,12.098475],[75.635845,12.14843],[75.532524,12.200474],[75.484856,12.289967],[75.413996,12.289617],[75.421849,12.372727],[75.372397,12.400235],[75.365553,12.456805],[75.413237,12.458624],[75.417285,12.498498],[75.336247,12.46415],[75.273053,12.536862],[75.271981,12.570231],[75.326102,12.593655],[75.275444,12.619766],[75.220249,12.568188],[75.201652,12.628976],[75.137617,12.644693],[75.15238,12.68225],[75.085125,12.705287],[75.085171,12.673875],[75.046535,12.666741],[75.050208,12.719444],[74.982395,12.738446],[75.003096,12.791732],[74.864116,12.761432],[74.693524,13.343766],[74.609878,13.865611],[74.513933,13.98692],[74.397628,14.408242],[74.354693,14.522235],[74.310178,14.52143],[74.262763,14.719874],[74.234205,14.748492],[74.203998,14.719343],[74.09274,14.80407],[74.125072,14.837955],[74.085751,14.900973],[74.162087,14.912207],[74.163578,14.958548],[74.201514,14.92579],[74.252565,14.959159],[74.296466,15.041272],[74.272617,15.097562],[74.316937,15.186329],[74.251092,15.258919],[74.336416,15.29501],[74.25089,15.491658],[74.282633,15.531482],[74.245177,15.566671],[74.250426,15.657323],[74.088046,15.672323],[74.221015,15.786063],[74.24024,15.743386],[74.358414,15.774896],[74.383072,15.849167],[74.338196,15.854982],[74.368603,15.894422],[74.406158,15.855438],[74.386853,15.905043],[74.463222,16.039244],[74.361328,16.053889],[74.42762,16.112017],[74.491231,16.104357],[74.507997,16.202309],[74.480482,16.250177],[74.410518,16.283149],[74.373012,16.261688],[74.354782,16.292693],[74.324937,16.271809],[74.317198,16.381056],[74.353415,16.366471],[74.363699,16.405143],[74.289282,16.463023],[74.290902,16.504954],[74.24738,16.496966],[74.278019,16.504508],[74.270552,16.548016],[74.30615,16.503745],[74.315721,16.554506],[74.379839,16.528643],[74.396634,16.583318],[74.466719,16.606872],[74.468751,16.663852],[74.489042,16.630194],[74.544497,16.635517],[74.568543,16.553917],[74.64002,16.610501],[74.686988,16.606834],[74.653485,16.638876],[74.691028,16.715587],[74.919452,16.772534],[74.901525,16.862592],[74.963588,16.909752],[74.931718,16.944796],[75.089343,16.951621],[75.136492,16.874527],[75.21421,16.841737],[75.282038,16.880327],[75.279611,16.956593],[75.465561,16.988399],[75.489085,16.944456],[75.56766,16.965778],[75.573105,17.009638],[75.670328,16.962083],[75.669702,17.038191],[75.641007,17.037612],[75.676724,17.065446],[75.672298,17.116026],[75.625387,17.174031],[75.657728,17.263237],[75.574156,17.383329],[75.61353,17.391945],[75.632994,17.477243],[75.690743,17.409502],[75.733608,17.420121],[75.792953,17.369724],[75.821454,17.421249],[75.86089,17.385621],[75.884201,17.417985],[75.93083,17.322598],[76.014343,17.353557],[76.07914,17.331626],[76.118964,17.370527],[76.176324,17.30081],[76.170325,17.352646],[76.242097,17.378858],[76.27637,17.334595],[76.345309,17.354468],[76.383169,17.314545],[76.40913,17.371406],[76.363436,17.377687],[76.371521,17.436442],[76.333273,17.43392],[76.330698,17.470213],[76.375527,17.490238],[76.345776,17.492549],[76.367231,17.519471],[76.3313,17.597437],[76.419698,17.603727],[76.429205,17.64497],[76.489762,17.660515],[76.52329,17.759812],[76.572747,17.760541],[76.582036,17.705696],[76.615345,17.77041],[76.690852,17.681018],[76.728284,17.737573],[76.714105,17.780952],[76.790408,17.826345],[76.738497,17.856693],[76.739987,17.899712],[76.806684,17.870586],[76.918996,17.915963],[76.90566,18.009718],[76.966367,18.098208],[76.920517,18.11819],[76.951953,18.188106],[77.111561,18.155838],[77.097617,18.196728],[77.15154,18.217049],[77.174831,18.284865],[77.213032,18.280323],[77.241789,18.412609],[77.332256,18.45087],[77.33232,18.450861]]],[[[74.29272,15.831043],[74.302518,15.787766],[74.267559,15.796866],[74.292307,15.83202],[74.29272,15.831043]]]]}},{"type":"Feature","properties":{"State_Name":"Kerala"},"geometry":{"type":"MultiPolygon","coordinates":[[[[74.988963,12.795531],[75.009384,12.767577],[74.982395,12.738446],[75.050208,12.719444],[75.046535,12.666741],[75.085171,12.673875],[75.085125,12.705287],[75.15238,12.68225],[75.137617,12.644693],[75.201652,12.628976],[75.220249,12.568188],[75.275444,12.619766],[75.326102,12.593655],[75.269651,12.5496],[75.336247,12.46415],[75.415713,12.500462],[75.42318,12.466825],[75.365553,12.456805],[75.372397,12.400235],[75.421849,12.372727],[75.413996,12.289617],[75.484856,12.289967],[75.57694,12.156887],[75.635845,12.14843],[75.661559,12.098475],[75.703172,12.108226],[75.714636,12.070493],[75.802641,12.079476],[75.870006,11.951956],[76.003108,11.931437],[76.112402,11.978764],[76.119915,11.850352],[76.190293,11.871254],[76.223625,11.808245],[76.280112,11.812391],[76.339642,11.739041],[76.413935,11.760135],[76.403365,11.707795],[76.443329,11.643658],[76.302283,11.571264],[76.278906,11.600849],[76.234253,11.571322],[76.247143,11.467944],[76.418601,11.441819],[76.508079,11.354159],[76.547751,11.358919],[76.545646,11.300346],[76.452981,11.239405],[76.458332,11.187715],[76.495729,11.211403],[76.628839,11.194198],[76.705726,11.24039],[76.734464,11.218019],[76.700111,11.153576],[76.747985,11.135424],[76.746409,11.056694],[76.800695,11.053921],[76.699626,11.026601],[76.658977,10.930531],[76.828307,10.872577],[76.907208,10.783344],[76.867422,10.694217],[76.882042,10.638901],[76.810042,10.623777],[76.843008,10.536614],[76.829848,10.303084],[76.983513,10.219587],[77.09135,10.314987],[77.235177,10.352795],[77.259042,10.230383],[77.295203,10.218469],[77.26764,10.122129],[77.201106,10.107126],[77.272712,9.964213],[77.218269,9.904828],[77.246718,9.798376],[77.165746,9.612856],[77.269561,9.572788],[77.360977,9.602278],[77.36541,9.535106],[77.412242,9.508993],[77.282886,9.301329],[77.267718,9.153328],[77.146925,9.021273],[77.258255,8.874875],[77.229632,8.784565],[77.169906,8.741752],[77.283671,8.546748],[77.261528,8.506172],[77.201189,8.500867],[77.226909,8.446627],[77.150586,8.384355],[77.175477,8.319898],[77.097643,8.29348],[76.981673,8.381877],[76.670702,8.791888],[76.548478,8.899649],[76.323946,9.460548],[76.233048,9.991066],[76.093901,10.393607],[75.900686,10.803896],[75.851158,11.054975],[75.738621,11.358486],[75.619791,11.478658],[75.510287,11.729658],[75.356862,11.855769],[75.287364,11.986451],[75.300589,11.954032],[75.242496,12.022306],[75.202983,12.005361],[74.866727,12.750084],[74.987341,12.793661],[74.988963,12.795531]]]]}},{"type":"Feature","properties":{"State_Name":"Lakshadweep"},"geometry":{"type":"MultiPolygon","coordinates":[[[[73.080251,8.326507],[73.066384,8.281589],[73.020148,8.268029],[73.080499,8.328801],[73.080251,8.326507]]],[[[73.06481,8.293756],[73.0769,8.324452],[73.064838,8.294958],[73.06481,8.293756]]],[[[73.667248,10.818646],[73.700919,10.8154],[73.665589,10.818669],[73.667248,10.818646]]],[[[72.643383,10.579435],[72.616442,10.543278],[72.642492,10.579751],[72.643383,10.579435]]],[[[72.761333,11.183934],[72.78946,11.261491],[72.761631,11.184137],[72.761333,11.183934]]],[[[72.203548,10.879613],[72.169373,10.819281],[72.203104,10.87959],[72.203548,10.879613]]],[[[72.719507,11.115041],[72.732919,11.137465],[72.7197,11.115615],[72.719507,11.115041]]],[[[73.646934,10.073536],[73.650388,10.103066],[73.646843,10.07453],[73.646934,10.073536]]],[[[73.007637,11.470846],[72.998785,11.499516],[73.00809,11.471104],[73.007637,11.470846]]],[[[72.711474,11.687571],[72.71085,11.686627],[72.709937,11.685438],[72.711474,11.687571]]],[[[72.288118,10.947617],[72.288457,10.947445],[72.288887,10.94749],[72.288118,10.947617]]],[[[73.659538,10.155315],[73.659194,10.130345],[73.659474,10.156025],[73.659538,10.155315]]],[[[72.324777,10.951413],[72.324136,10.950948],[72.323427,10.950247],[72.324777,10.951413]]],[[[72.331591,10.131251],[72.331833,10.130944],[72.331938,10.130758],[72.331591,10.131251]]],[[[72.283227,10.042214],[72.28294,10.042155],[72.282694,10.042272],[72.283227,10.042214]]],[[[72.189646,11.600132],[72.189679,11.599897],[72.189523,11.599811],[72.189646,11.600132]]],[[[73.014843,8.300581],[73.013575,8.300373],[73.01178,8.300754],[73.014843,8.300581]]],[[[72.168001,10.816049],[72.1679,10.815868],[72.16774,10.815502],[72.168001,10.816049]]],[[[72.337306,10.105306],[72.33664,10.104329],[72.336617,10.104352],[72.337306,10.105306]]],[[[73.627226,10.074838],[73.627349,10.074743],[73.627755,10.074928],[73.627226,10.074838]]],[[[72.332438,10.953019],[72.332026,10.95287],[72.331715,10.952599],[72.332438,10.953019]]],[[[72.334541,10.957467],[72.334234,10.957309],[72.333836,10.9573],[72.334541,10.957467]]],[[[72.334107,10.956247],[72.334061,10.955931],[72.333946,10.955583],[72.334107,10.956247]]],[[[73.633665,10.072637],[73.633072,10.07251],[73.632853,10.072822],[73.633665,10.072637]]],[[[73.632417,10.070372],[73.632107,10.069906],[73.631669,10.069906],[73.632417,10.070372]]],[[[73.630031,10.069337],[73.629721,10.069305],[73.62958,10.069504],[73.630031,10.069337]]],[[[73.651712,10.10972],[73.651493,10.10967],[73.651255,10.109842],[73.651712,10.10972]]],[[[73.630156,10.074281],[73.629973,10.074126],[73.62986,10.07414],[73.630156,10.074281]]],[[[73.013203,8.303218],[73.013117,8.303187],[73.01304,8.303187],[73.013203,8.303218]]]]}},{"type":"Feature","properties":{"State_Name":"Madhya Pradesh"},"geometry":{"type":"MultiPolygon","coordinates":[[[[78.372109,26.864061],[78.395234,26.817108],[78.433543,26.825747],[78.460669,26.787642],[78.576245,26.748799],[78.725575,26.795931],[78.815866,26.762357],[78.871745,26.698115],[78.955569,26.691779],[78.945494,26.654829],[79.004791,26.67335],[79.016543,26.600659],[78.990104,26.578034],[79.068129,26.496624],[79.052617,26.45374],[79.13518,26.440133],[79.084176,26.359302],[79.138837,26.337545],[79.090654,26.270059],[79.045649,26.260339],[79.063446,26.225909],[78.99173,26.238969],[79.026542,26.191323],[78.993704,26.196897],[79.004896,26.148054],[78.948908,26.128686],[79.011909,26.082669],[78.948299,26.027755],[78.938962,25.942695],[78.884639,25.913937],[78.850574,25.811218],[78.818173,25.829148],[78.828736,25.795584],[78.752923,25.750941],[78.816703,25.676323],[78.811762,25.620784],[78.65828,25.559855],[78.618139,25.583664],[78.587744,25.556602],[78.443601,25.56321],[78.431303,25.473635],[78.377657,25.436816],[78.354541,25.451985],[78.305308,25.376756],[78.343789,25.328461],[78.31173,25.303305],[78.354582,25.292259],[78.359796,25.242193],[78.410948,25.212665],[78.395275,25.187911],[78.458258,25.163723],[78.427296,25.153987],[78.446816,25.121774],[78.33863,25.08658],[78.333972,24.994916],[78.168965,24.862618],[78.276691,24.66299],[78.264464,24.552198],[78.225816,24.520108],[78.269684,24.446934],[78.365781,24.385971],[78.329078,24.327122],[78.389548,24.262661],[78.518617,24.387818],[78.586099,24.353714],[78.66863,24.240036],[78.748644,24.233047],[78.761928,24.259463],[78.806364,24.178373],[78.815145,24.207001],[78.882334,24.217454],[78.909635,24.297989],[78.971452,24.3476],[78.993646,24.422744],[78.914207,24.459612],[78.920574,24.499714],[78.97152,24.494236],[78.883219,24.641294],[78.752027,24.600176],[78.789837,24.810975],[78.770034,24.859017],[78.676557,24.898629],[78.631728,24.957693],[78.652614,25.050591],[78.555752,25.209214],[78.578004,25.253293],[78.435027,25.284169],[78.498286,25.320075],[78.532991,25.300949],[78.529622,25.353385],[78.584982,25.346826],[78.566498,25.390759],[78.635181,25.400678],[78.658182,25.441025],[78.711485,25.428085],[78.660124,25.383955],[78.726737,25.343419],[78.774631,25.35305],[78.748262,25.409788],[78.821417,25.422529],[78.762358,25.426901],[78.735311,25.491402],[78.840894,25.461545],[78.820724,25.438691],[78.846559,25.428687],[78.86617,25.465669],[78.833413,25.502639],[78.884381,25.51558],[78.893395,25.555315],[78.951789,25.548788],[78.908872,25.442421],[78.967232,25.434359],[78.989331,25.37404],[78.938712,25.346976],[78.896417,25.374111],[78.953098,25.40009],[78.880242,25.385893],[78.846156,25.326979],[78.79232,25.308087],[78.828565,25.302737],[78.809456,25.270533],[78.849652,25.228784],[78.882003,25.343637],[78.927933,25.324128],[78.960615,25.345083],[78.979924,25.279046],[78.879805,25.252637],[78.881907,25.156893],[78.953847,25.218957],[79.005873,25.195046],[78.974843,25.240492],[79.013221,25.274049],[79.063638,25.222023],[79.031003,25.13839],[79.090585,25.191072],[79.123976,25.111044],[79.174244,25.108553],[79.192249,25.146246],[79.244916,25.113676],[79.260463,25.153155],[79.282977,25.117287],[79.323197,25.14976],[79.279367,25.244707],[79.352097,25.212191],[79.347364,25.266694],[79.263044,25.272184],[79.299832,25.337654],[79.352187,25.329835],[79.362901,25.261695],[79.368612,25.292437],[79.408742,25.256085],[79.494514,25.26686],[79.390279,25.170116],[79.405342,25.106226],[79.477243,25.127482],[79.465121,25.088026],[79.49151,25.079611],[79.569196,25.171818],[79.599669,25.127926],[79.748504,25.139666],[79.851241,25.094197],[79.881534,25.142044],[79.851373,25.235606],[79.907493,25.250888],[79.91754,25.226778],[79.948335,25.268649],[80.004821,25.267223],[80.033485,25.342048],[80.131132,25.334225],[80.202408,25.414031],[80.25355,25.400834],[80.263879,25.424046],[80.315447,25.388865],[80.310835,25.286401],[80.40338,25.244027],[80.431701,25.177609],[80.354592,25.13835],[80.355458,25.055663],[80.285847,25.056022],[80.273656,25.025966],[80.33058,24.992318],[80.362988,25.023603],[80.395672,25.0102],[80.373614,25.055899],[80.448481,25.078635],[80.501971,25.036622],[80.448983,25.040543],[80.437277,24.99432],[80.47863,24.973921],[80.499336,25.006206],[80.549317,25.002096],[80.479641,25.09635],[80.613216,25.065664],[80.601862,25.150444],[80.638264,25.116725],[80.607531,25.098155],[80.684637,25.077037],[80.679595,25.048533],[80.776229,25.054816],[80.704425,25.128365],[80.808327,25.136909],[80.829915,25.100026],[80.838184,25.180539],[80.884692,25.187928],[80.912949,25.159072],[80.831817,25.032862],[80.852243,24.988719],[80.792294,24.9649],[80.812174,24.922505],[80.946665,24.966277],[80.957247,24.917838],[81.08478,24.949659],[81.139644,24.887505],[81.168053,24.955202],[81.219678,24.928592],[81.208965,24.99259],[81.263997,25.053066],[81.277564,25.165982],[81.313468,25.163722],[81.321386,25.112779],[81.334585,25.169225],[81.399557,25.119366],[81.438298,25.130544],[81.447642,25.107088],[81.407304,25.105109],[81.491207,25.072249],[81.518191,25.101016],[81.480019,25.132178],[81.536564,25.160528],[81.514543,25.183655],[81.573358,25.192085],[81.626246,25.160721],[81.59772,25.131226],[81.608266,25.095943],[81.624376,25.119944],[81.640868,25.098932],[81.611671,25.056305],[81.666581,25.075094],[81.792723,25.004424],[81.907092,25.00618],[81.902874,24.891657],[81.965304,24.82702],[82.016953,24.845992],[82.115647,24.784416],[82.20363,24.819184],[82.184296,24.795612],[82.217876,24.776674],[82.177484,24.732304],[82.221215,24.721945],[82.207004,24.747312],[82.250843,24.769814],[82.229767,24.681628],[82.303014,24.666907],[82.296684,24.605806],[82.416127,24.591115],[82.429533,24.702625],[82.539128,24.647731],[82.671058,24.696942],[82.706565,24.636196],[82.773823,24.641741],[82.765458,24.595724],[82.803381,24.596946],[82.719271,24.552435],[82.743699,24.496277],[82.713467,24.380306],[82.76953,24.370715],[82.772806,24.307603],[82.728135,24.135555],[82.683047,24.154646],[82.664492,24.12829],[82.713909,24.074543],[82.774112,24.075899],[82.750636,24.012664],[82.803861,24.003528],[82.810348,23.962392],[82.66159,23.907642],[82.635338,23.837708],[82.533074,23.822147],[82.551475,23.790641],[82.523398,23.783677],[82.465807,23.812022],[82.231813,23.805314],[82.209542,23.85274],[82.171462,23.81824],[82.052727,23.819424],[82.007532,23.861755],[81.921474,23.870913],[81.81558,23.806365],[81.725474,23.839824],[81.668582,23.924962],[81.609018,23.903205],[81.603182,23.85371],[81.695909,23.72132],[81.655172,23.663136],[81.614565,23.662918],[81.611969,23.595253],[81.576685,23.585344],[81.627053,23.482027],[81.746637,23.569797],[81.836425,23.510908],[81.923286,23.532659],[81.985334,23.414495],[82.025475,23.424881],[82.021898,23.387322],[82.056004,23.376784],[82.103413,23.398236],[82.117137,23.35546],[82.193962,23.323844],[82.144836,23.22737],[82.16136,23.143115],[82.125816,23.103944],[82.070155,23.118189],[82.034859,23.08041],[81.942251,23.078965],[81.946308,22.956779],[81.861627,22.889261],[81.775683,22.874437],[81.768535,22.664228],[81.683315,22.646907],[81.621943,22.538015],[81.522231,22.539012],[81.406704,22.440951],[81.382055,22.509818],[81.326527,22.526144],[81.313728,22.482921],[81.281269,22.502954],[81.232191,22.452155],[81.172692,22.487909],[81.111164,22.437575],[81.118718,22.29126],[81.019463,22.221185],[81.021913,22.132729],[80.977971,22.122625],[81.006205,22.063207],[80.969403,22.057991],[80.947577,22.118266],[80.907934,22.109573],[80.856746,21.964838],[80.825573,21.958339],[80.852491,21.85421],[80.819739,21.748023],[80.756106,21.762157],[80.726143,21.713666],[80.737754,21.473124],[80.67134,21.338439],[80.599895,21.326784],[80.527652,21.394753],[80.412306,21.376614],[80.42223,21.440449],[80.376499,21.523258],[80.253284,21.624758],[80.192785,21.635443],[80.066722,21.554101],[79.998496,21.533423],[79.935892,21.556114],[79.891217,21.518015],[79.737637,21.603847],[79.540619,21.542671],[79.496174,21.673991],[79.352328,21.677839],[79.231193,21.722277],[79.2239,21.648621],[79.155009,21.660019],[79.168348,21.637161],[79.093632,21.597996],[78.99841,21.619018],[78.914126,21.588963],[78.936702,21.485714],[78.800264,21.490148],[78.776184,21.464443],[78.750853,21.492977],[78.728157,21.462186],[78.511829,21.528519],[78.451369,21.496533],[78.427442,21.598953],[78.387432,21.614833],[78.36328,21.574871],[78.266484,21.591728],[78.274006,21.568724],[78.181964,21.556641],[78.176323,21.499145],[77.941079,21.385716],[77.801163,21.409532],[77.737036,21.362195],[77.691811,21.397547],[77.58734,21.362686],[77.532038,21.419086],[77.48862,21.374185],[77.425595,21.537804],[77.611756,21.538558],[77.576956,21.554923],[77.543788,21.703856],[77.4791,21.769985],[77.289775,21.760259],[77.286882,21.721864],[77.210374,21.689664],[77.176039,21.725753],[77.073227,21.719453],[76.901907,21.596886],[76.795161,21.593935],[76.763319,21.520792],[76.785772,21.465052],[76.62147,21.33226],[76.662657,21.275925],[76.623158,21.184948],[76.49236,21.193579],[76.45562,21.107657],[76.376171,21.073072],[76.166589,21.078983],[76.110144,21.161217],[76.176335,21.183989],[76.09559,21.371158],[76.047763,21.349002],[75.885484,21.394601],[75.543728,21.368529],[75.217048,21.408614],[75.107661,21.462295],[75.051623,21.566552],[74.901737,21.629246],[74.782921,21.610695],[74.55415,21.681366],[74.547216,21.719557],[74.505376,21.726216],[74.524134,21.911254],[74.439391,21.976796],[74.431685,22.030292],[74.386609,22.033878],[74.280954,21.933031],[74.144169,21.953133],[74.150599,21.986596],[74.092075,22.015054],[74.178593,22.085567],[74.124479,22.097855],[74.12245,22.212443],[74.072169,22.219159],[74.064884,22.354536],[74.105382,22.371763],[74.128022,22.33306],[74.190148,22.320256],[74.203697,22.366546],[74.29102,22.393949],[74.201619,22.434516],[74.190599,22.475935],[74.184037,22.441573],[74.149379,22.455703],[74.119408,22.418875],[74.075623,22.46419],[74.082849,22.50664],[74.033438,22.490188],[74.041134,22.541797],[74.150668,22.521268],[74.263629,22.644093],[74.379031,22.634644],[74.476536,22.855525],[74.446904,22.921329],[74.393205,22.896848],[74.339486,22.952896],[74.364979,22.978817],[74.318859,23.058824],[74.386113,23.111537],[74.505734,23.08519],[74.671386,23.200128],[74.741508,23.208423],[74.691811,23.219246],[74.700664,23.265789],[74.546645,23.277106],[74.514126,23.328311],[74.604032,23.457523],[74.847298,23.552135],[74.936491,23.628612],[74.89965,23.682305],[74.940383,23.764731],[74.903682,23.794301],[74.902474,23.873217],[74.982425,24.025757],[74.903325,24.109254],[74.896823,24.227176],[74.747082,24.253466],[74.854204,24.44456],[74.708701,24.486473],[74.81362,24.649601],[74.771743,24.661508],[74.799878,24.779203],[74.888817,24.633687],[74.943245,24.637837],[75.016271,24.731984],[75.000945,24.774695],[74.860883,24.798606],[74.849302,24.775984],[74.833623,24.95967],[74.958516,24.858138],[75.034021,24.844652],[75.116801,24.877914],[75.113534,24.96681],[75.166484,25.002903],[75.165797,25.047619],[75.334319,25.041109],[75.318425,24.894157],[75.261037,24.963456],[75.294266,24.908962],[75.263412,24.874856],[75.425645,24.868819],[75.311037,24.800988],[75.224209,24.844029],[75.252339,24.813099],[75.184413,24.748505],[75.21942,24.702555],[75.455419,24.680702],[75.58308,24.713302],[75.610819,24.681031],[75.756813,24.761553],[75.83626,24.727835],[75.825147,24.613039],[75.91473,24.572344],[75.920613,24.521477],[75.888049,24.507738],[75.909175,24.455074],[75.83877,24.414177],[75.789369,24.471601],[75.727751,24.390516],[75.830242,24.233465],[75.776439,24.208386],[75.750997,24.143482],[75.792924,24.091891],[75.834936,24.09177],[75.836793,24.057026],[75.782899,24.04339],[75.717507,23.966908],[75.670834,24.018098],[75.595696,23.990069],[75.521076,24.024644],[75.473881,23.982013],[75.462225,23.914539],[75.564315,23.856481],[75.583521,23.794778],[75.654409,23.798363],[75.686905,23.755384],[75.690135,23.813446],[75.721618,23.811906],[75.736553,23.856538],[75.706008,23.899318],[75.782072,23.848845],[75.981344,23.928965],[75.963436,24.018702],[76.127063,24.088066],[76.117425,24.194183],[76.185408,24.329353],[76.212445,24.209845],[76.281193,24.206826],[76.321737,24.245454],[76.412564,24.200289],[76.470534,24.225986],[76.527628,24.157047],[76.57678,24.177829],[76.584753,24.243779],[76.695426,24.284313],[76.698841,24.16841],[76.756339,24.169112],[76.801965,24.116576],[76.900743,24.127238],[76.947132,24.201043],[76.841486,24.322541],[76.853241,24.46697],[76.816393,24.533642],[76.917597,24.543408],[76.918435,24.480718],[76.977814,24.461258],[77.071318,24.572454],[77.030657,24.712225],[76.954379,24.759512],[76.856121,24.742486],[76.802607,24.809306],[76.949616,24.869386],[76.856857,25.002483],[76.876153,25.041548],[77.000255,25.074872],[77.085301,25.055113],[77.174576,25.111735],[77.269506,25.116037],[77.311194,25.079746],[77.406577,25.111713],[77.393243,25.159572],[77.426534,25.187982],[77.355202,25.263537],[77.37633,25.31817],[77.34215,25.321759],[77.370917,25.408389],[77.291234,25.422744],[77.20917,25.306185],[77.083516,25.336739],[76.94305,25.282174],[76.899086,25.324217],[76.729313,25.328572],[76.598496,25.392348],[76.555819,25.452593],[76.47412,25.711198],[76.522176,25.728373],[76.520704,25.792533],[76.582248,25.870244],[76.790964,25.943156],[76.900633,26.092814],[77.030025,26.171747],[77.097263,26.183655],[77.136284,26.233819],[77.21269,26.233807],[77.36736,26.363843],[77.444347,26.361595],[77.437605,26.403427],[77.538357,26.411353],[77.675536,26.50303],[77.726258,26.502109],[77.744748,26.538248],[77.823638,26.55046],[77.827321,26.596046],[77.894573,26.615195],[77.903601,26.658977],[78.000609,26.694941],[78.089728,26.674476],[78.11205,26.794934],[78.183643,26.783824],[78.172969,26.824695],[78.268149,26.81284],[78.28351,26.854461],[78.371423,26.864729],[78.372109,26.864061]]],[[[79.398758,25.033713],[79.425913,25.058586],[79.360306,25.144259],[79.379807,25.06479],[79.351134,25.06888],[79.356108,25.040467],[79.397674,25.032837],[79.398758,25.033713]]],[[[79.366262,25.171582],[79.368114,25.173953],[79.369843,25.176225],[79.366262,25.171582]]]]}},{"type":"Feature","properties":{"State_Name":"Maharashtra"},"geometry":{"type":"MultiPolygon","coordinates":[[[[74.389263,22.032405],[74.443499,22.023292],[74.439391,21.976796],[74.523989,21.911637],[74.505376,21.726216],[74.58207,21.664921],[74.782921,21.610695],[74.901737,21.629246],[75.051623,21.566552],[75.125833,21.449264],[75.217048,21.408614],[75.295329,21.413575],[75.299602,21.384616],[75.8899,21.394604],[76.047763,21.349002],[76.09559,21.371158],[76.176335,21.183989],[76.112235,21.155342],[76.16642,21.079042],[76.27898,21.069943],[76.45562,21.107657],[76.493045,21.19385],[76.623158,21.184948],[76.662657,21.275925],[76.62147,21.33226],[76.785772,21.465052],[76.763319,21.520792],[76.795161,21.593935],[76.901907,21.596886],[77.073227,21.719453],[77.176039,21.725753],[77.210374,21.689664],[77.286882,21.721864],[77.289775,21.760259],[77.4791,21.769985],[77.54211,21.706135],[77.576956,21.554923],[77.611756,21.538558],[77.454593,21.55376],[77.422226,21.517703],[77.487719,21.374326],[77.532038,21.419086],[77.58734,21.362686],[77.691811,21.397547],[77.737036,21.362195],[77.801163,21.409532],[77.941079,21.385716],[78.176323,21.499145],[78.181964,21.556641],[78.274006,21.568724],[78.266484,21.591728],[78.36328,21.574871],[78.386906,21.614788],[78.427442,21.598953],[78.451369,21.496533],[78.511829,21.528519],[78.728157,21.462186],[78.750853,21.492977],[78.776184,21.464443],[78.800264,21.490148],[78.936702,21.485714],[78.914126,21.588963],[78.99841,21.619018],[79.093632,21.597996],[79.168348,21.637161],[79.155009,21.660019],[79.2239,21.648621],[79.231193,21.722277],[79.352328,21.677839],[79.496174,21.673991],[79.540619,21.542671],[79.737637,21.603847],[79.891217,21.518015],[79.935892,21.556114],[79.998496,21.533423],[80.066722,21.554101],[80.192785,21.635443],[80.253995,21.624524],[80.376499,21.523258],[80.42223,21.440449],[80.412306,21.376614],[80.527652,21.394753],[80.599205,21.327109],[80.68159,21.31346],[80.613807,21.226455],[80.46428,21.174915],[80.439164,21.096444],[80.452662,21.038712],[80.424203,21.008744],[80.463652,20.929126],[80.546151,20.934723],[80.551686,20.76395],[80.587657,20.684561],[80.481025,20.618362],[80.520928,20.580478],[80.631862,20.598402],[80.591483,20.392929],[80.62636,20.33248],[80.518837,20.266017],[80.395274,20.244849],[80.422196,20.205783],[80.401818,20.147244],[80.505595,20.144439],[80.552072,20.117962],[80.556827,20.071722],[80.529919,19.939309],[80.411262,19.938334],[80.41389,19.907292],[80.491427,19.902013],[80.505849,19.870495],[80.40173,19.796119],[80.48905,19.770243],[80.480581,19.827506],[80.546204,19.818322],[80.552638,19.765386],[80.67641,19.699382],[80.665371,19.611711],[80.71932,19.615336],[80.895434,19.519697],[80.882308,19.452132],[80.809592,19.420214],[80.85299,19.363825],[80.710824,19.281568],[80.680017,19.330147],[80.612687,19.309328],[80.576061,19.402176],[80.484184,19.339507],[80.448507,19.266438],[80.389286,19.237769],[80.393976,19.187604],[80.333252,19.145333],[80.329695,19.069911],[80.273292,18.992924],[80.270855,18.938409],[80.351533,18.816393],[80.245241,18.765466],[80.272887,18.722961],[80.248477,18.706336],[80.118122,18.680517],[79.914031,18.823807],[79.961605,18.866627],[79.940379,19.032013],[79.871103,19.041017],[79.85843,19.102416],[79.945669,19.168937],[79.924742,19.227299],[79.979615,19.390326],[79.944819,19.469814],[79.814464,19.575698],[79.74308,19.608626],[79.62792,19.573171],[79.596154,19.507277],[79.539927,19.554661],[79.471425,19.500192],[79.243557,19.616689],[79.203851,19.494083],[79.223589,19.469075],[79.190312,19.458985],[79.098035,19.532027],[78.940444,19.551868],[78.972835,19.582388],[78.955558,19.655791],[78.85192,19.658361],[78.840963,19.76189],[78.552007,19.824085],[78.490238,19.792684],[78.307028,19.914298],[78.286075,19.847937],[78.336414,19.837923],[78.364675,19.781232],[78.343134,19.71325],[78.262649,19.665064],[78.305567,19.607067],[78.274311,19.553975],[78.304341,19.456137],[78.17619,19.412262],[78.175321,19.237579],[78.041614,19.243428],[77.945122,19.342453],[77.863459,19.304196],[77.907564,19.268228],[77.847721,19.189595],[77.850395,19.088557],[77.809934,19.104734],[77.76179,19.033002],[77.771497,18.979159],[77.858592,18.949111],[77.843254,18.908693],[77.948536,18.829836],[77.839955,18.804822],[77.787288,18.68264],[77.753504,18.700992],[77.7385,18.556789],[77.596369,18.548941],[77.603126,18.476848],[77.548563,18.468581],[77.585297,18.446792],[77.527516,18.442111],[77.556756,18.417143],[77.522341,18.346467],[77.571396,18.308829],[77.512554,18.309557],[77.465055,18.262535],[77.437683,18.310313],[77.365808,18.307125],[77.414114,18.393107],[77.319906,18.458028],[77.241789,18.412609],[77.213032,18.280323],[77.174831,18.284865],[77.15154,18.217049],[77.097617,18.196728],[77.111561,18.155838],[76.951953,18.188106],[76.920517,18.11819],[76.966367,18.098208],[76.90566,18.009718],[76.918996,17.915963],[76.806684,17.870586],[76.739987,17.899712],[76.738497,17.856693],[76.790408,17.826345],[76.714105,17.780952],[76.728284,17.737573],[76.690852,17.681018],[76.615345,17.77041],[76.582036,17.705696],[76.572747,17.760541],[76.52329,17.759812],[76.489762,17.660515],[76.429205,17.64497],[76.419698,17.603727],[76.3313,17.597437],[76.367231,17.519471],[76.345776,17.492549],[76.375527,17.490238],[76.330698,17.470213],[76.333273,17.43392],[76.371521,17.436442],[76.363436,17.377687],[76.40913,17.371406],[76.383169,17.314545],[76.345309,17.354468],[76.27637,17.334595],[76.242097,17.378858],[76.170325,17.352646],[76.176324,17.30081],[76.118964,17.370527],[76.07914,17.331626],[76.014343,17.353557],[75.93083,17.322598],[75.884201,17.417985],[75.86089,17.385621],[75.821454,17.421249],[75.792953,17.369724],[75.733608,17.420121],[75.690743,17.409502],[75.632994,17.477243],[75.61353,17.391945],[75.574156,17.383329],[75.657728,17.263237],[75.625387,17.174031],[75.672298,17.116026],[75.676724,17.065446],[75.641007,17.037612],[75.669702,17.038191],[75.670328,16.962083],[75.573105,17.009638],[75.56766,16.965778],[75.489085,16.944456],[75.465561,16.988399],[75.279611,16.956593],[75.282038,16.880327],[75.21421,16.841737],[75.136492,16.874527],[75.089343,16.951621],[74.931718,16.944796],[74.963588,16.909752],[74.901525,16.862592],[74.919452,16.772534],[74.691028,16.715587],[74.653485,16.638876],[74.686988,16.606834],[74.64002,16.610501],[74.568543,16.553917],[74.544497,16.635517],[74.489042,16.630194],[74.468751,16.663852],[74.466719,16.606872],[74.396634,16.583318],[74.379839,16.528643],[74.315721,16.554506],[74.30615,16.503745],[74.26445,16.540496],[74.278223,16.504967],[74.24738,16.496966],[74.290902,16.504954],[74.289282,16.463023],[74.363699,16.405143],[74.353415,16.366471],[74.317198,16.381056],[74.324937,16.271809],[74.414398,16.282703],[74.507997,16.202309],[74.484305,16.09152],[74.42762,16.112017],[74.361328,16.053889],[74.463222,16.039244],[74.386853,15.905043],[74.406158,15.855438],[74.368603,15.894422],[74.338196,15.854982],[74.383072,15.849167],[74.358414,15.774896],[74.242294,15.743264],[74.233487,15.787059],[74.208953,15.781334],[74.12215,15.720798],[74.125754,15.681034],[74.088046,15.672323],[74.113001,15.646083],[74.021061,15.606164],[73.967547,15.630251],[73.938613,15.742719],[73.875155,15.750735],[73.857625,15.800453],[73.823043,15.739902],[73.674933,15.726798],[73.593738,15.914232],[73.509295,15.937847],[73.368472,16.363477],[73.407151,16.404116],[73.365599,16.397695],[73.31609,16.512685],[73.332299,16.562039],[73.386415,16.511817],[73.316995,16.600711],[73.351819,16.593299],[73.355515,16.626147],[73.322637,16.635438],[73.303329,16.890635],[73.277666,16.892579],[73.295425,16.983062],[73.254522,17.027098],[73.287662,17.072484],[73.189087,17.2985],[73.249062,17.295904],[73.167112,17.403931],[73.211312,17.437326],[73.136811,17.556028],[73.164305,17.58126],[73.114957,17.680377],[73.13122,17.725662],[73.002894,18.020977],[73.085893,18.053645],[72.990704,18.053449],[72.971027,18.131456],[72.97828,18.193138],[73.003925,18.190436],[72.931589,18.219563],[72.941249,18.285349],[72.978904,18.239404],[73.061978,18.268889],[72.992323,18.273556],[72.913953,18.354716],[72.894633,18.463183],[72.905549,18.543131],[72.931943,18.54016],[72.855416,18.698494],[72.869795,18.804376],[72.911671,18.790399],[72.946313,18.8224],[72.940651,18.793068],[72.992388,18.776979],[72.973767,18.749813],[72.995457,18.783816],[72.948079,18.833133],[72.84278,18.863276],[72.914405,18.949877],[72.878243,19.021936],[72.809252,18.893515],[72.822583,18.944385],[72.79282,18.940673],[72.838765,19.044441],[72.828697,19.11662],[72.806846,19.151451],[72.786073,19.133521],[72.784429,19.302438],[72.854637,19.319099],[72.909257,19.287628],[72.86897,19.335919],[72.807237,19.323705],[72.757744,19.374027],[72.708347,19.70556],[72.645855,19.858538],[72.677561,19.864756],[72.660731,19.937482],[72.719168,19.983585],[72.69983,20.077588],[72.727193,20.126693],[72.824398,20.14187],[72.815965,20.184294],[72.858665,20.224593],[72.962595,20.209768],[72.961421,20.131304],[73.011126,20.134532],[73.039553,20.067175],[73.063962,20.098437],[73.178815,20.047229],[73.297609,20.208545],[73.416736,20.198394],[73.418475,20.330507],[73.379783,20.393485],[73.493796,20.538258],[73.391982,20.646056],[73.449534,20.717632],[73.474653,20.720385],[73.489238,20.655735],[73.520601,20.67881],[73.599519,20.636901],[73.652335,20.564559],[73.744599,20.564847],[73.838304,20.620622],[73.812008,20.692271],[73.941532,20.741406],[73.901086,20.982223],[73.799899,21.038637],[73.807534,21.084705],[73.780096,21.064404],[73.729685,21.082316],[73.743516,21.115062],[73.618188,21.118353],[73.577138,21.170662],[73.718728,21.139646],[73.740089,21.171115],[73.815638,21.17396],[73.822637,21.270746],[73.941939,21.29916],[73.938699,21.404916],[74.044627,21.419197],[74.063048,21.474644],[74.100663,21.44771],[74.253378,21.467648],[74.320598,21.498503],[74.331666,21.544017],[74.294873,21.569086],[74.195295,21.532012],[74.157676,21.568768],[73.851938,21.497902],[73.780142,21.628234],[73.887916,21.653229],[73.891636,21.691785],[73.795606,21.824639],[74.128219,21.949782],[74.280954,21.933031],[74.389108,22.032464],[74.389263,22.032405]]],[[[74.275463,15.829892],[74.267934,15.796098],[74.305929,15.78909],[74.276909,15.829952],[74.275463,15.829892]]],[[[72.732579,19.467275],[72.732989,19.467176],[72.733108,19.4672],[72.732579,19.467275]]]]}},{"type":"Feature","properties":{"State_Name":"Odisha"},"geometry":{"type":"MultiPolygon","coordinates":[[[[86.04547,22.567438],[86.118504,22.486612],[86.283428,22.44775],[86.432787,22.306415],[86.496925,22.347132],[86.534413,22.30106],[86.725343,22.218688],[86.721856,22.146671],[86.794854,22.157107],[86.837868,22.097617],[86.965038,22.085791],[87.028124,22.036624],[87.001742,21.913831],[87.037787,21.868051],[87.098663,21.865732],[87.09642,21.913881],[87.161555,21.935498],[87.170906,21.979339],[87.255184,21.926633],[87.276593,21.805092],[87.444367,21.769153],[87.469542,21.732462],[87.484083,21.610567],[87.408737,21.549535],[87.259188,21.554483],[87.117062,21.517272],[86.94495,21.355745],[86.8413,21.203711],[86.855786,21.085341],[86.985957,20.854875],[86.94444,20.766286],[87.023952,20.769555],[87.058528,20.716562],[86.759677,20.50018],[86.724645,20.39364],[86.776839,20.404849],[86.798323,20.363766],[86.77507,20.331207],[86.52044,20.170073],[86.391916,19.953555],[85.78327,19.77916],[85.383087,19.601559],[84.93205,19.278175],[84.765178,19.077609],[84.703974,19.11728],[84.707916,19.160487],[84.59344,19.133268],[84.659073,19.063845],[84.616247,19.066695],[84.59456,19.022071],[84.570793,19.074555],[84.473995,18.990222],[84.419088,19.022831],[84.450032,18.978513],[84.436082,18.921737],[84.378904,18.903782],[84.390154,18.877455],[84.35816,18.895475],[84.372354,18.862649],[84.330694,18.88297],[84.362945,18.839899],[84.319018,18.787883],[84.224324,18.799639],[84.089276,18.758408],[84.036517,18.817266],[83.892971,18.815661],[83.79483,19.017741],[83.744993,18.987742],[83.778384,18.911123],[83.626171,19.162437],[83.584589,19.057333],[83.549178,19.080286],[83.536837,19.00926],[83.468107,19.092887],[83.461958,18.954545],[83.398725,19.010219],[83.310642,18.998641],[83.326493,18.93195],[83.353973,18.967228],[83.387373,18.932946],[83.352479,18.943431],[83.403961,18.843207],[83.282687,18.798701],[83.26948,18.765282],[83.222749,18.77596],[83.210584,18.731458],[83.137178,18.78624],[83.011293,18.646938],[82.999039,18.608553],[83.051011,18.60015],[83.043161,18.545366],[83.093179,18.547552],[83.019108,18.457132],[83.06546,18.430983],[83.052754,18.38065],[82.938001,18.361498],[82.894185,18.381539],[82.894992,18.424073],[82.801433,18.449921],[82.772561,18.341102],[82.640948,18.302707],[82.63599,18.23739],[82.579601,18.315837],[82.621219,18.359681],[82.535521,18.406143],[82.561388,18.448463],[82.519413,18.46557],[82.532154,18.510961],[82.481073,18.549381],[82.362522,18.422213],[82.383855,18.368179],[82.33653,18.327383],[82.387275,18.329183],[82.390655,18.298628],[82.342988,18.281227],[82.309193,18.204774],[82.37067,18.148845],[82.338115,18.150514],[82.339078,18.055479],[82.289728,18.069583],[82.259952,18.042528],[82.264557,17.995564],[82.185918,18.015797],[82.167172,18.052631],[82.030664,18.069986],[81.962215,18.000922],[81.808179,17.956389],[81.725876,17.879023],[81.671569,17.888012],[81.617229,17.823087],[81.391802,17.8154],[81.400186,17.893549],[81.444621,17.885733],[81.48294,17.976795],[81.525466,18.258077],[81.662221,18.321204],[81.659133,18.346539],[81.75029,18.353576],[81.769536,18.418892],[81.963635,18.590419],[81.893764,18.657436],[81.948938,18.643686],[81.970979,18.698613],[82.084969,18.718568],[82.091575,18.765706],[82.165431,18.7986],[82.176142,18.902644],[82.24605,18.919085],[82.218412,19.097243],[82.166093,19.132674],[82.158424,19.265142],[82.194121,19.32591],[82.147109,19.365306],[82.189443,19.427504],[82.126141,19.429061],[82.100255,19.516564],[82.029058,19.507639],[82.06555,19.790633],[81.985949,19.801089],[81.968134,19.85987],[81.853159,19.918454],[81.869432,20.041239],[81.946386,20.105109],[82.032561,20.015721],[82.070469,20.056948],[82.184257,19.984164],[82.237481,20.003453],[82.344245,19.834991],[82.445994,19.910164],[82.597129,19.872665],[82.594738,19.774272],[82.652161,19.832137],[82.7114,19.839966],[82.71555,19.994635],[82.596744,19.989931],[82.399227,20.056569],[82.38673,20.144862],[82.43791,20.293381],[82.400301,20.340771],[82.438029,20.434165],[82.332142,20.562005],[82.376558,20.632377],[82.350838,20.889475],[82.465416,20.827724],[82.4881,20.908624],[82.629363,21.038414],[82.640492,21.154708],[82.882301,21.148285],[82.965062,21.19313],[83.003893,21.166785],[82.990522,21.139662],[83.131625,21.105666],[83.19824,21.145295],[83.223092,21.265626],[83.271445,21.272796],[83.268869,21.378451],[83.406893,21.351283],[83.338027,21.501965],[83.382832,21.619999],[83.442799,21.655277],[83.456258,21.609865],[83.489764,21.631334],[83.418174,21.67981],[83.490703,21.74444],[83.470775,21.786626],[83.494297,21.817443],[83.542454,21.798382],[83.533277,21.83004],[83.591045,21.850978],[83.605771,21.914034],[83.539167,21.96587],[83.536877,22.04337],[83.606584,22.066473],[83.561972,22.098805],[83.630532,22.207307],[83.757918,22.240231],[83.864249,22.343241],[84.01047,22.371479],[84.047427,22.469119],[83.980116,22.50229],[84.002865,22.532121],[84.140868,22.473813],[84.156317,22.40763],[84.291496,22.342795],[84.429442,22.352428],[84.53529,22.426977],[84.74995,22.41888],[84.810246,22.453243],[84.909466,22.422621],[85.058641,22.486143],[85.116996,22.294382],[85.07022,22.273322],[85.02845,22.122131],[84.986912,22.082574],[85.03929,22.115436],[85.098525,22.105832],[85.238142,22.009265],[85.371081,22.160906],[85.545182,22.089621],[85.651625,22.09536],[85.685281,22.054444],[85.807427,22.116026],[85.838357,22.079437],[85.795648,22.08066],[85.766045,21.994833],[85.909172,21.969241],[86.031305,22.189918],[85.973884,22.246992],[86.048793,22.307909],[85.998044,22.341531],[86.02708,22.395033],[85.957129,22.464737],[86.04049,22.563326],[86.04547,22.567438]]],[[[86.788133,20.383266],[86.793493,20.49304],[86.788765,20.383573],[86.788133,20.383266]]],[[[86.805807,20.395562],[86.799176,20.36431],[86.805309,20.396469],[86.805807,20.395562]]],[[[84.336393,18.789912],[84.337193,18.789702],[84.338457,18.789769],[84.336393,18.789912]]],[[[84.351874,18.785522],[84.351638,18.785464],[84.351474,18.785602],[84.351874,18.785522]]],[[[86.780741,20.357935],[86.780329,20.357922],[86.77997,20.358314],[86.780741,20.357935]]],[[[86.792386,20.381496],[86.791982,20.381312],[86.791402,20.381351],[86.792386,20.381496]]]]}},{"type":"Feature","properties":{"State_Name":"Puducherry"},"geometry":{"type":"MultiPolygon","coordinates":[[[[79.75669,11.00258],[79.851414,10.993883],[79.850714,10.827802],[79.807816,10.85557],[79.828462,10.883735],[79.724578,10.929677],[79.719572,10.968464],[79.763843,10.959717],[79.756647,11.003109],[79.75669,11.00258]]],[[[79.746753,12.007505],[79.723411,11.977004],[79.750179,11.91986],[79.812511,11.977845],[79.84054,11.955738],[79.807732,11.836531],[79.766059,11.8405],[79.768432,11.875879],[79.750298,11.847879],[79.673908,11.880652],[79.696107,11.919121],[79.711098,11.890664],[79.740601,11.905393],[79.691566,11.951273],[79.746403,12.007632],[79.746753,12.007505]]],[[[79.775291,11.90494],[79.78503,11.862867],[79.776466,11.904914],[79.775291,11.90494]]],[[[79.737619,11.842919],[79.806965,11.833489],[79.795732,11.785407],[79.712824,11.790789],[79.737537,11.843127],[79.737619,11.842919]]],[[[79.649785,11.870426],[79.651823,11.870295],[79.653099,11.870213],[79.649785,11.870426]]]]}},{"type":"Feature","properties":{"State_Name":"Tamil Nadu"},"geometry":{"type":"MultiPolygon","coordinates":[[[[80.303581,13.473067],[80.345207,13.279832],[80.26682,12.969564],[80.265796,12.781879],[80.155719,12.46488],[79.84054,11.955738],[79.812511,11.977845],[79.750179,11.91986],[79.723411,11.977004],[79.746403,12.007632],[79.691566,11.951273],[79.740601,11.905393],[79.711098,11.890664],[79.696107,11.919121],[79.673749,11.891568],[79.808108,11.84521],[79.770031,11.822548],[79.736633,11.844162],[79.71226,11.791463],[79.795731,11.785407],[79.756931,11.556103],[79.838703,11.353814],[79.855379,11.014078],[79.797668,10.982449],[79.747541,11.003125],[79.763843,10.959717],[79.719066,10.957137],[79.756169,10.891712],[79.828462,10.883735],[79.807816,10.85557],[79.850613,10.827782],[79.880308,10.304638],[79.711668,10.279313],[79.637003,10.378634],[79.55998,10.385747],[79.535446,10.35884],[79.502456,10.379818],[79.47184,10.315982],[79.387932,10.317483],[79.298325,10.263265],[79.218963,10.112567],[79.26597,10.039201],[79.11112,9.892809],[79.120686,9.855279],[78.992692,9.709552],[78.898345,9.489471],[78.936012,9.409057],[79.064605,9.29875],[79.209189,9.283435],[79.329183,9.320063],[79.323843,9.263545],[79.435847,9.158445],[79.207045,9.282454],[78.964562,9.273927],[78.664067,9.193422],[78.657349,9.157618],[78.5784,9.130325],[78.413668,9.113937],[78.186474,8.923585],[78.159973,8.780172],[78.197287,8.78881],[78.226106,8.751535],[78.165816,8.743972],[78.135782,8.693259],[78.130411,8.496905],[78.063709,8.417983],[78.066849,8.372851],[77.80274,8.24017],[77.744526,8.176922],[77.576926,8.136732],[77.551144,8.078045],[77.315486,8.121039],[77.095705,8.292712],[77.180204,8.323329],[77.150586,8.384355],[77.226909,8.446627],[77.201189,8.500867],[77.261528,8.506172],[77.283671,8.546748],[77.169906,8.741752],[77.229632,8.784565],[77.258255,8.874875],[77.146925,9.021273],[77.267718,9.153328],[77.282886,9.301329],[77.412242,9.508993],[77.36541,9.535106],[77.360977,9.602278],[77.269561,9.572788],[77.165746,9.612856],[77.246718,9.798376],[77.218269,9.904828],[77.272712,9.964213],[77.201106,10.107126],[77.26764,10.122129],[77.295203,10.218469],[77.259042,10.230383],[77.235177,10.352795],[77.09135,10.314987],[76.983513,10.219587],[76.829848,10.303084],[76.843008,10.536614],[76.810042,10.623777],[76.882042,10.638901],[76.867422,10.694217],[76.907208,10.783344],[76.828307,10.872577],[76.658977,10.930531],[76.699626,11.026601],[76.800695,11.053921],[76.746409,11.056694],[76.747985,11.135424],[76.700111,11.153576],[76.734464,11.218019],[76.705726,11.24039],[76.628839,11.194198],[76.438512,11.198998],[76.545646,11.300346],[76.547751,11.358919],[76.508079,11.354159],[76.418601,11.441819],[76.247143,11.467944],[76.233732,11.570614],[76.278906,11.600849],[76.302283,11.571264],[76.354478,11.589348],[76.510984,11.705054],[76.576617,11.614567],[76.846809,11.594533],[76.834881,11.65548],[76.907885,11.795309],[76.969804,11.776921],[77.012824,11.814676],[77.117588,11.721128],[77.11063,11.773529],[77.249763,11.813066],[77.427173,11.760896],[77.494696,11.943894],[77.675588,11.95202],[77.775476,12.118444],[77.727612,12.181534],[77.492626,12.19734],[77.471932,12.249878],[77.616725,12.368205],[77.634546,12.487605],[77.5836,12.478802],[77.616247,12.509186],[77.580271,12.551596],[77.598797,12.667164],[77.739852,12.672993],[77.808463,12.796727],[77.79239,12.842706],[77.835941,12.870331],[77.929252,12.890915],[77.918494,12.830575],[77.952263,12.857116],[77.995129,12.805856],[78.053486,12.853788],[78.134163,12.781962],[78.230878,12.760653],[78.210514,12.686068],[78.271012,12.705048],[78.371349,12.627094],[78.464842,12.623996],[78.467824,12.675877],[78.519939,12.711997],[78.489014,12.741965],[78.555801,12.70014],[78.555555,12.755768],[78.656945,12.932087],[78.620829,12.991221],[78.656148,13.031149],[78.705204,13.015217],[78.714451,13.068657],[78.891516,13.097062],[78.891576,13.033033],[78.93704,13.0304],[78.903609,13.04768],[78.923876,13.080783],[78.994936,13.08658],[79.08084,13.025697],[79.163054,13.020238],[79.180593,13.08421],[79.234361,13.105195],[79.209966,13.148425],[79.234866,13.170809],[79.307125,13.105486],[79.36044,13.1235],[79.373969,13.18922],[79.438364,13.188136],[79.45309,13.238312],[79.408357,13.265231],[79.445362,13.301212],[79.381828,13.30745],[79.43537,13.351671],[79.537245,13.338605],[79.534541,13.275355],[79.579205,13.257751],[79.682544,13.295779],[79.684212,13.244384],[79.754928,13.206431],[79.794725,13.241848],[79.733651,13.288771],[79.937948,13.355472],[79.972364,13.469039],[80.046562,13.49363],[80.004203,13.544809],[80.081205,13.549696],[80.078134,13.488757],[80.139157,13.504217],[80.241757,13.470588],[80.268694,13.564568],[80.302144,13.475403],[80.303581,13.473067]]],[[[79.648487,11.870485],[79.643209,11.870287],[79.641149,11.87035],[79.648487,11.870485]]],[[[79.781819,11.902244],[79.780579,11.862703],[79.781405,11.902714],[79.781819,11.902244]]],[[[79.075086,9.202184],[79.076651,9.202192],[79.078085,9.202395],[79.075086,9.202184]]],[[[79.122768,9.219261],[79.123065,9.219231],[79.123349,9.219245],[79.122768,9.219261]]],[[[79.181403,9.241099],[79.181582,9.241095],[79.181801,9.241142],[79.181403,9.241099]]],[[[79.489179,9.119015],[79.488951,9.118921],[79.488783,9.118921],[79.489179,9.119015]]],[[[78.495507,9.086726],[78.495007,9.086134],[78.494029,9.085705],[78.495507,9.086726]]],[[[79.180689,9.248097],[79.180937,9.24809],[79.181055,9.248117],[79.180689,9.248097]]],[[[79.140557,9.215269],[79.140872,9.214804],[79.140912,9.214662],[79.140557,9.215269]]],[[[79.231908,9.243821],[79.232078,9.243821],[79.232485,9.243863],[79.231908,9.243821]]],[[[79.453655,9.148564],[79.454351,9.147714],[79.454401,9.147379],[79.453655,9.148564]]],[[[79.473822,9.13524],[79.473581,9.134987],[79.473426,9.134987],[79.473822,9.13524]]],[[[79.211019,9.248476],[79.210645,9.247858],[79.210136,9.247226],[79.211019,9.248476]]],[[[79.445705,9.15791],[79.446069,9.157263],[79.446524,9.156033],[79.445705,9.15791]]],[[[79.46796,9.140599],[79.467673,9.140373],[79.467396,9.140491],[79.46796,9.140599]]],[[[78.816767,9.160511],[78.81679,9.16037],[78.817013,9.160425],[78.816767,9.160511]]],[[[79.483488,9.133497],[79.483356,9.133081],[79.48296,9.132426],[79.483488,9.133497]]],[[[79.212293,9.247785],[79.212123,9.247741],[79.21199,9.247834],[79.212293,9.247785]]],[[[79.444903,9.151047],[79.444589,9.151011],[79.444444,9.151178],[79.444903,9.151047]]],[[[79.481795,9.130179],[79.481913,9.129845],[79.481831,9.129226],[79.481795,9.130179]]],[[[79.488724,9.127358],[79.488555,9.126762],[79.488414,9.12645],[79.488724,9.127358]]],[[[79.454232,9.143699],[79.453859,9.143649],[79.453668,9.143876],[79.454232,9.143699]]],[[[79.45632,9.147017],[79.45632,9.146682],[79.45607,9.146538],[79.45632,9.147017]]]]}},{"type":"Feature","properties":{"State_Name":"Chhattishgarh"},"geometry":{"type":"MultiPolygon","coordinates":[[[[83.327068,24.102321],[83.431663,24.085938],[83.451492,24.042731],[83.51572,24.027166],[83.57119,23.862135],[83.705347,23.820757],[83.746068,23.719495],[83.72286,23.685865],[83.77532,23.608954],[83.937694,23.568992],[83.931906,23.620413],[84.016591,23.634375],[84.028056,23.545602],[83.971006,23.466922],[83.962345,23.385346],[84.005711,23.353871],[84.05099,23.374507],[84.074756,23.333271],[84.037469,23.139879],[84.13346,23.08309],[84.149492,22.965378],[84.185802,23.027092],[84.219216,22.978761],[84.375227,22.978405],[84.380603,22.877184],[84.231863,22.741833],[84.220306,22.667205],[84.084016,22.638116],[84.011583,22.575937],[84.012056,22.527322],[83.974661,22.511886],[84.047427,22.469119],[84.047427,22.43813],[84.01047,22.371479],[83.864249,22.343241],[83.757918,22.240231],[83.691638,22.244016],[83.627416,22.203673],[83.561972,22.098805],[83.606584,22.066473],[83.536877,22.04337],[83.539167,21.96587],[83.605771,21.914034],[83.591045,21.850978],[83.533277,21.83004],[83.542454,21.798382],[83.494297,21.817443],[83.470775,21.786626],[83.490703,21.74444],[83.418174,21.67981],[83.489764,21.631334],[83.456258,21.609865],[83.442799,21.655277],[83.382832,21.619999],[83.338027,21.501965],[83.407026,21.351484],[83.268869,21.378451],[83.278735,21.289174],[83.223092,21.265626],[83.192685,21.139366],[83.077945,21.111801],[82.990451,21.139713],[83.003893,21.166785],[82.965062,21.19313],[82.882301,21.148285],[82.640492,21.154708],[82.629363,21.038414],[82.4881,20.908624],[82.465416,20.827724],[82.350838,20.889475],[82.376558,20.632377],[82.332142,20.562005],[82.438029,20.434165],[82.400301,20.340771],[82.43791,20.293381],[82.38673,20.144862],[82.399227,20.056569],[82.596744,19.989931],[82.71555,19.994635],[82.719792,19.856819],[82.594738,19.774272],[82.597129,19.872665],[82.445994,19.910164],[82.343955,19.835062],[82.237481,20.003453],[82.184257,19.984164],[82.070469,20.056948],[82.032561,20.015721],[81.946386,20.105109],[81.87598,20.052038],[81.853159,19.918454],[81.968134,19.85987],[81.985949,19.801089],[82.06555,19.790633],[82.029058,19.507639],[82.100255,19.516564],[82.126141,19.429061],[82.189443,19.427504],[82.147109,19.365306],[82.194121,19.32591],[82.158424,19.265142],[82.166093,19.132674],[82.218412,19.097243],[82.24605,18.919085],[82.176142,18.902644],[82.165431,18.7986],[82.091575,18.765706],[82.084969,18.718568],[81.970979,18.698613],[81.948938,18.643686],[81.893764,18.657436],[81.963635,18.590419],[81.769536,18.418892],[81.75029,18.353576],[81.659133,18.346539],[81.662221,18.321204],[81.525466,18.258077],[81.48294,17.976795],[81.444621,17.885733],[81.399258,17.891897],[81.393355,17.794624],[81.166134,17.857603],[81.038981,17.784155],[81.008245,17.798229],[80.949258,18.086197],[80.979029,18.178747],[80.866669,18.140259],[80.872608,18.213912],[80.836724,18.242255],[80.799112,18.171505],[80.744937,18.170295],[80.737185,18.222075],[80.794137,18.259296],[80.748981,18.308254],[80.734835,18.412821],[80.514727,18.619342],[80.344794,18.596163],[80.244307,18.756226],[80.352864,18.819205],[80.270855,18.938409],[80.272997,18.991281],[80.329695,19.069911],[80.333252,19.145333],[80.393976,19.187604],[80.393852,19.24481],[80.573207,19.402279],[80.612687,19.309328],[80.680017,19.330147],[80.689779,19.286785],[80.757047,19.289554],[80.85299,19.363825],[80.813431,19.433571],[80.89836,19.481779],[80.835985,19.56634],[80.665371,19.611711],[80.67641,19.699382],[80.552638,19.765386],[80.546302,19.818266],[80.480581,19.827506],[80.48905,19.770243],[80.40173,19.796119],[80.505849,19.870495],[80.491427,19.902013],[80.41389,19.907292],[80.411262,19.938334],[80.529919,19.939309],[80.556827,20.071722],[80.552072,20.117962],[80.505595,20.144439],[80.401818,20.147244],[80.422196,20.205783],[80.395274,20.244849],[80.518837,20.266017],[80.62636,20.33248],[80.591483,20.392929],[80.631862,20.598402],[80.520928,20.580478],[80.481025,20.618362],[80.587657,20.684561],[80.551686,20.76395],[80.546079,20.934891],[80.463714,20.929076],[80.424279,21.008383],[80.452662,21.038712],[80.444749,21.121913],[80.46428,21.174915],[80.613807,21.226455],[80.679595,21.298729],[80.660045,21.334084],[80.737754,21.473124],[80.726143,21.713666],[80.756106,21.762157],[80.819739,21.748023],[80.852491,21.85421],[80.825573,21.958339],[80.856746,21.964838],[80.907934,22.109573],[80.947577,22.118266],[80.969403,22.057991],[81.006205,22.063207],[80.977971,22.122625],[81.021913,22.132729],[81.019463,22.221185],[81.118718,22.29126],[81.111164,22.437575],[81.172692,22.487909],[81.232191,22.452155],[81.281269,22.502954],[81.313728,22.482921],[81.326527,22.526144],[81.382055,22.509818],[81.406704,22.440951],[81.522231,22.539012],[81.621943,22.538015],[81.683315,22.646907],[81.768535,22.664228],[81.775683,22.874437],[81.861627,22.889261],[81.946308,22.956779],[81.942251,23.078965],[82.034859,23.08041],[82.070155,23.118189],[82.125816,23.103944],[82.16136,23.143115],[82.144836,23.22737],[82.193962,23.323844],[82.117137,23.35546],[82.103413,23.398236],[82.056004,23.376784],[82.021898,23.387322],[82.025475,23.424881],[81.985334,23.414495],[81.923286,23.532659],[81.836425,23.510908],[81.746637,23.569797],[81.627053,23.482027],[81.576685,23.585344],[81.611969,23.595253],[81.614565,23.662918],[81.655172,23.663136],[81.695909,23.72132],[81.603182,23.85371],[81.609018,23.903205],[81.668582,23.924962],[81.725474,23.839824],[81.791119,23.809347],[81.928931,23.87072],[82.007532,23.861755],[82.052727,23.819424],[82.171462,23.81824],[82.209542,23.85274],[82.231813,23.805314],[82.465807,23.812022],[82.524462,23.783741],[82.551475,23.790641],[82.533074,23.822147],[82.660466,23.855144],[82.66159,23.907642],[82.752384,23.91979],[82.801709,23.961651],[82.947913,23.871395],[83.141517,23.88489],[83.207953,23.921365],[83.324765,24.10413],[83.327068,24.102321]]]]}},{"type":"Feature","properties":{"State_Name":"Telangana"},"geometry":{"type":"MultiPolygon","coordinates":[[[[78.335652,19.883578],[78.490238,19.792684],[78.552007,19.824085],[78.840963,19.76189],[78.85192,19.658361],[78.955558,19.655791],[78.972835,19.582388],[78.940444,19.551868],[79.098035,19.532027],[79.190312,19.458985],[79.223589,19.469075],[79.203851,19.494083],[79.243557,19.616689],[79.471425,19.500192],[79.539927,19.554661],[79.596154,19.507277],[79.62792,19.573171],[79.753448,19.607534],[79.914866,19.495841],[79.979717,19.389405],[79.924742,19.227299],[79.945669,19.168937],[79.85843,19.102416],[79.871103,19.041017],[79.940263,19.032564],[79.961605,18.866627],[79.921048,18.810231],[80.118122,18.680517],[80.278441,18.721613],[80.346613,18.595021],[80.514727,18.619342],[80.734835,18.412821],[80.748981,18.308254],[80.794176,18.256888],[80.737185,18.222075],[80.736828,18.177182],[80.799112,18.171505],[80.836724,18.242255],[80.872608,18.213912],[80.866669,18.140259],[80.979029,18.178747],[80.949258,18.086197],[81.008245,17.798229],[81.104262,17.772006],[81.058165,17.733086],[80.973422,17.780122],[80.92785,17.761775],[80.885546,17.735678],[80.878132,17.650668],[81.005262,17.64876],[80.969306,17.598377],[81.014826,17.522126],[81.12728,17.526423],[81.148254,17.463653],[81.312382,17.408724],[81.322641,17.374548],[81.274029,17.317193],[81.19041,17.324814],[81.173977,17.230337],[81.054609,17.224874],[81.031271,17.19033],[80.918877,17.219737],[80.923995,17.157846],[80.879438,17.16083],[80.845309,17.039967],[80.738881,17.079589],[80.653811,17.068612],[80.670555,17.101188],[80.580019,17.153072],[80.51408,17.122053],[80.464859,17.030024],[80.40903,17.091497],[80.385733,17.067927],[80.407035,17.015796],[80.363405,16.976066],[80.493446,16.927429],[80.534696,16.961414],[80.601942,16.91859],[80.562848,16.832841],[80.612967,16.793541],[80.570241,16.768009],[80.464455,16.795449],[80.383154,16.865315],[80.407796,16.848229],[80.380431,16.81745],[80.321699,16.87963],[80.293591,16.996332],[80.21143,17.010273],[80.196453,17.044034],[80.140237,16.990592],[80.055445,16.971422],[80.017384,16.914975],[79.998761,16.865214],[80.046844,16.853342],[80.070602,16.801692],[79.961609,16.642579],[79.910106,16.633918],[79.877529,16.697298],[79.817262,16.691867],[79.773991,16.730775],[79.722894,16.690277],[79.447173,16.619713],[79.41864,16.580245],[79.259068,16.566922],[79.21483,16.487909],[79.213357,16.224712],[79.009509,16.240215],[78.904888,16.182876],[78.920436,16.101999],[78.88922,16.084789],[78.872881,16.143255],[78.83467,16.145161],[78.837058,16.070374],[78.740907,16.008663],[78.620975,16.088047],[78.551761,16.042802],[78.41006,16.075066],[78.312262,16.01151],[78.262439,16.026711],[78.251617,15.935225],[78.181985,15.907352],[78.175344,15.858075],[78.098977,15.836003],[78.03189,15.907346],[78.008863,15.861754],[77.887979,15.906084],[77.803517,15.874135],[77.513424,15.926797],[77.486138,16.162994],[77.515644,16.227799],[77.490053,16.25519],[77.597706,16.292813],[77.595371,16.342207],[77.48968,16.385024],[77.349087,16.383856],[77.235753,16.472756],[77.369004,16.488681],[77.419108,16.522387],[77.392867,16.569984],[77.467389,16.598845],[77.476104,16.650115],[77.418854,16.668581],[77.469795,16.687038],[77.474044,16.716566],[77.426062,16.722882],[77.439494,16.789139],[77.476497,16.788375],[77.454013,16.913904],[77.50253,17.01411],[77.463623,17.110002],[77.363726,17.158788],[77.40375,17.209898],[77.38019,17.222536],[77.458538,17.279002],[77.45361,17.373994],[77.529805,17.370715],[77.513003,17.430873],[77.575866,17.430717],[77.656897,17.506462],[77.657369,17.480919],[77.6924,17.496879],[77.596905,17.534305],[77.593806,17.564514],[77.52839,17.575368],[77.506905,17.542282],[77.443126,17.583966],[77.452439,17.694706],[77.568543,17.748907],[77.506567,17.785954],[77.655867,17.968838],[77.547649,18.05613],[77.598818,18.09333],[77.563476,18.196127],[77.605438,18.281279],[77.551402,18.291915],[77.57048,18.318113],[77.522734,18.345398],[77.556756,18.417143],[77.527516,18.442111],[77.585297,18.446792],[77.548563,18.468581],[77.603126,18.476848],[77.596369,18.548941],[77.7385,18.556789],[77.753504,18.700992],[77.787288,18.68264],[77.839955,18.804822],[77.948275,18.829097],[77.885384,18.9042],[77.843254,18.908693],[77.858592,18.949111],[77.771497,18.979159],[77.76179,19.033002],[77.809934,19.104734],[77.850395,19.088557],[77.847721,19.189595],[77.907564,19.268228],[77.863459,19.304196],[77.945122,19.342453],[78.041614,19.243428],[78.175321,19.237579],[78.17619,19.412262],[78.304341,19.456137],[78.274311,19.553975],[78.305567,19.607067],[78.262649,19.665064],[78.343134,19.71325],[78.358891,19.802885],[78.285313,19.856617],[78.307028,19.914298],[78.335063,19.884154],[78.335652,19.883578]]]]}},{"type":"Feature","properties":{"State_Name":"Andhra Pradesh"},"geometry":{"type":"MultiPolygon","coordinates":[[[[84.675706,19.167212],[84.761464,19.079123],[84.551498,18.790489],[84.354729,18.554914],[84.150652,18.377268],[84.126859,18.313366],[83.794975,18.168399],[83.569374,18.011799],[83.21647,17.595497],[82.561937,17.26157],[82.319309,17.057849],[82.241444,16.908037],[82.314229,16.84588],[82.361571,16.854447],[82.326261,16.988335],[82.355646,16.967794],[82.327688,16.684921],[82.365338,16.706654],[82.317288,16.662266],[82.318874,16.576826],[82.312823,16.668012],[82.263085,16.563019],[82.313671,16.558735],[81.720788,16.30686],[81.487242,16.355066],[81.30535,16.303534],[81.213764,16.207218],[81.148045,15.973701],[81.004771,15.837804],[81.008459,15.752928],[80.937219,15.714404],[80.821516,15.709338],[80.779629,15.835296],[80.800912,15.805791],[80.80702,15.840446],[80.680607,15.8854],[80.428563,15.804682],[80.284161,15.687769],[80.220626,15.600925],[80.204963,15.473891],[80.084741,15.283335],[80.046985,15.080181],[80.097725,14.779548],[80.195513,14.585827],[80.126413,14.164324],[80.253089,13.785917],[80.23365,13.658448],[80.268552,13.564507],[80.241757,13.470588],[80.139157,13.504217],[80.078134,13.488757],[80.081205,13.549696],[80.00339,13.544389],[80.046562,13.49363],[79.972364,13.469039],[79.937948,13.355472],[79.733651,13.288771],[79.794725,13.241848],[79.754928,13.206431],[79.684212,13.244384],[79.682544,13.295779],[79.579205,13.257751],[79.534541,13.275355],[79.537245,13.338605],[79.43537,13.351671],[79.381828,13.30745],[79.445362,13.301212],[79.408357,13.265231],[79.45309,13.238312],[79.438364,13.188136],[79.373969,13.18922],[79.36044,13.1235],[79.307125,13.105486],[79.234866,13.170809],[79.209966,13.148425],[79.234361,13.105195],[79.180593,13.08421],[79.163054,13.020238],[79.08084,13.025697],[78.994936,13.08658],[78.923876,13.080783],[78.903609,13.04768],[78.93704,13.0304],[78.891576,13.033033],[78.891516,13.097062],[78.714451,13.068657],[78.705204,13.015217],[78.656148,13.031149],[78.620829,12.991221],[78.656945,12.932087],[78.555555,12.755768],[78.555801,12.70014],[78.493091,12.747133],[78.519939,12.711997],[78.467824,12.675877],[78.464892,12.624014],[78.379343,12.625001],[78.27208,12.704664],[78.199248,12.695373],[78.240934,12.729933],[78.252125,12.860545],[78.312373,12.858511],[78.354024,12.939679],[78.445507,12.911786],[78.464698,12.866754],[78.466624,12.9054],[78.411091,12.945259],[78.46739,12.975012],[78.462126,13.043204],[78.538437,13.105719],[78.516977,13.131579],[78.579697,13.167349],[78.549993,13.200169],[78.587299,13.28063],[78.565484,13.311991],[78.532113,13.266926],[78.483337,13.32116],[78.377084,13.331962],[78.408619,13.342874],[78.365013,13.36179],[78.401416,13.587887],[78.235987,13.599264],[78.192912,13.564841],[78.204138,13.628416],[78.16752,13.65582],[78.08705,13.643062],[78.065659,13.676137],[78.120743,13.715613],[78.091467,13.742273],[78.126567,13.787109],[78.114722,13.862884],[78.048812,13.896089],[78.046139,13.86213],[78.00043,13.872926],[77.952928,13.827352],[77.987474,13.955496],[77.926714,13.905326],[77.826536,13.944725],[77.837019,13.869742],[77.719254,13.800278],[77.717307,13.741077],[77.651433,13.784133],[77.617637,13.762681],[77.630527,13.73592],[77.560872,13.722345],[77.525508,13.75331],[77.52828,13.693017],[77.484983,13.71479],[77.455277,13.682269],[77.464536,13.806084],[77.422513,13.7991],[77.432466,13.843224],[77.256641,13.846533],[77.235569,13.904148],[77.200377,13.863049],[77.184657,13.925198],[77.168527,13.864503],[77.128039,13.856069],[77.168631,13.829632],[77.172997,13.762023],[77.064645,13.743847],[77.024418,13.779239],[76.998448,13.745589],[76.977967,13.826883],[77.041605,13.933448],[76.931085,14.030218],[76.977521,14.071305],[76.924933,14.137126],[76.885866,14.138256],[76.894487,14.167829],[76.947519,14.198192],[77.023282,14.176703],[77.027634,14.061762],[77.127352,14.047028],[77.149172,14.001176],[77.32218,14.030004],[77.371235,13.95276],[77.347786,13.915973],[77.39869,13.888134],[77.43783,13.975529],[77.381592,13.976242],[77.390107,14.016705],[77.332252,14.030698],[77.400872,14.118721],[77.347418,14.103645],[77.351666,14.131114],[77.393672,14.174254],[77.503458,14.157124],[77.516984,14.182818],[77.498236,14.278855],[77.450234,14.280714],[77.4064,14.337755],[77.376986,14.30761],[77.417646,14.22585],[77.392548,14.198851],[77.363775,14.275836],[77.283492,14.282747],[77.286522,14.340109],[77.238156,14.317371],[77.13886,14.339984],[77.100758,14.217151],[76.94001,14.244624],[76.924852,14.2738],[76.95668,14.294363],[76.884713,14.347553],[76.884775,14.395726],[76.915787,14.420709],[76.942786,14.399735],[76.974773,14.485346],[76.86792,14.474056],[76.764956,14.602143],[76.802908,14.741903],[76.782652,14.785957],[76.853942,14.809462],[76.869589,14.937727],[76.867427,14.96984],[76.766507,14.975636],[76.776664,15.07842],[76.835986,15.079252],[76.877132,15.030225],[77.049532,15.03309],[77.08242,15.006094],[77.169105,15.17136],[77.125093,15.226952],[77.166905,15.268596],[77.113076,15.333691],[77.063722,15.328022],[76.973815,15.499541],[77.030018,15.502662],[77.030413,15.634506],[77.083171,15.659158],[77.121404,15.631097],[77.128865,15.665877],[77.045928,15.740369],[77.065189,15.828207],[77.02517,15.837523],[77.074742,15.912032],[77.248854,15.964565],[77.803517,15.874135],[77.887979,15.906084],[78.008863,15.861754],[78.03189,15.907346],[78.083555,15.840923],[78.133999,15.83626],[78.184429,15.909817],[78.251617,15.935225],[78.260864,16.025817],[78.312262,16.01151],[78.407892,16.074809],[78.551761,16.042802],[78.627239,16.087637],[78.735496,16.008152],[78.783146,16.02029],[78.837757,16.071858],[78.833848,16.144476],[78.87215,16.143969],[78.8956,16.08558],[78.922027,16.104313],[78.905402,16.18359],[79.009509,16.240215],[79.156947,16.209287],[79.216546,16.227404],[79.21483,16.487909],[79.256838,16.565819],[79.41864,16.580245],[79.447173,16.619713],[79.722894,16.690277],[79.773991,16.730775],[79.817262,16.691867],[79.877529,16.697298],[79.910106,16.633918],[79.96307,16.643533],[80.070602,16.801692],[80.046844,16.853342],[79.998761,16.865214],[80.017384,16.914975],[80.055445,16.971422],[80.140237,16.990592],[80.196453,17.044034],[80.21143,17.010273],[80.293591,16.996332],[80.321699,16.87963],[80.380431,16.81745],[80.407796,16.848229],[80.383154,16.865315],[80.464455,16.795449],[80.570241,16.768009],[80.612967,16.793541],[80.562848,16.832841],[80.601942,16.91859],[80.534696,16.961414],[80.493446,16.927429],[80.363405,16.976066],[80.407035,17.015796],[80.385733,17.067927],[80.40903,17.091497],[80.464859,17.030024],[80.51408,17.122053],[80.580019,17.153072],[80.670555,17.101188],[80.653811,17.068612],[80.738881,17.079589],[80.845309,17.039967],[80.879438,17.16083],[80.923995,17.157846],[80.918877,17.219737],[81.031271,17.19033],[81.054609,17.224874],[81.173977,17.230337],[81.19041,17.324814],[81.274029,17.317193],[81.322641,17.374548],[81.312382,17.408724],[81.148254,17.463653],[81.12728,17.526423],[81.014826,17.522126],[80.969306,17.598377],[81.005262,17.64876],[80.880079,17.647957],[80.885546,17.735678],[80.92785,17.761775],[80.973422,17.780122],[81.058165,17.733086],[81.104262,17.772006],[81.093965,17.809275],[81.166134,17.857603],[81.393125,17.794612],[81.476221,17.838415],[81.492354,17.812674],[81.617229,17.823087],[81.671569,17.888012],[81.725876,17.879023],[81.808179,17.956389],[81.962215,18.000922],[82.030664,18.069986],[82.167172,18.052631],[82.185918,18.015797],[82.264557,17.995564],[82.259952,18.042528],[82.289728,18.069583],[82.339078,18.055479],[82.338115,18.150514],[82.37067,18.148845],[82.309193,18.204774],[82.342988,18.281227],[82.390655,18.298628],[82.387275,18.329183],[82.33653,18.327383],[82.383855,18.368179],[82.362522,18.422213],[82.481073,18.549381],[82.532154,18.510961],[82.519413,18.46557],[82.561388,18.448463],[82.535521,18.406143],[82.621219,18.359681],[82.579601,18.315837],[82.63599,18.23739],[82.640948,18.302707],[82.772561,18.341102],[82.801433,18.449921],[82.894992,18.424073],[82.894185,18.381539],[82.938001,18.361498],[83.052754,18.38065],[83.06546,18.430983],[83.019108,18.457132],[83.093179,18.547552],[83.043161,18.545366],[83.051011,18.60015],[82.999039,18.608553],[83.011293,18.646938],[83.137178,18.78624],[83.210584,18.731458],[83.222749,18.77596],[83.26948,18.765282],[83.282687,18.798701],[83.403961,18.843207],[83.352479,18.943431],[83.387373,18.932946],[83.353973,18.967228],[83.326493,18.93195],[83.310642,18.998641],[83.398725,19.010219],[83.461958,18.954545],[83.468107,19.092887],[83.536837,19.00926],[83.549178,19.080286],[83.584589,19.057333],[83.626171,19.162437],[83.730156,19.02172],[83.709615,19.0024],[83.753998,18.924892],[83.788031,18.915629],[83.744993,18.987742],[83.79483,19.017741],[83.892971,18.815661],[84.036517,18.817266],[84.089276,18.758408],[84.342494,18.802967],[84.362945,18.839899],[84.330694,18.88297],[84.372354,18.862649],[84.35816,18.895475],[84.390154,18.877455],[84.378904,18.903782],[84.436082,18.921737],[84.450032,18.978513],[84.419088,19.022831],[84.473995,18.990222],[84.570793,19.074555],[84.601074,19.024474],[84.616247,19.066695],[84.668791,19.077129],[84.59344,19.133268],[84.665248,19.130669],[84.675686,19.167609],[84.675706,19.167212]]],[[[84.339037,18.789692],[84.338457,18.789769],[84.337193,18.789702],[84.339037,18.789692]]],[[[84.349693,18.790706],[84.349737,18.789072],[84.349837,18.788455],[84.349693,18.790706]]]]}},{"type":"Feature","properties":{"State_Name":"Puducherry"},"geometry":{"type":"MultiPolygon","coordinates":[[[[82.201411,16.720516],[82.182447,16.73711],[82.225468,16.763695],[82.228238,16.730397],[82.308853,16.745509],[82.284174,16.705329],[82.210366,16.719764],[82.201411,16.720516]]]]}},{"type":"Feature","properties":{"State_Name":"Goa"},"geometry":{"type":"MultiPolygon","coordinates":[[[[73.870419,15.781169],[73.876281,15.750062],[73.938613,15.742719],[73.990691,15.611525],[74.180954,15.682215],[74.25196,15.654376],[74.245177,15.566671],[74.282633,15.531482],[74.25089,15.491658],[74.336416,15.29501],[74.251092,15.258919],[74.316937,15.186329],[74.272617,15.097562],[74.296466,15.041272],[74.201514,14.92579],[74.15912,14.955918],[74.162087,14.912207],[74.043653,14.917115],[74.04015,14.996477],[73.911999,15.08461],[73.955618,15.136529],[73.893614,15.331854],[73.789726,15.394872],[73.743935,15.606743],[73.674933,15.726798],[73.785385,15.725496],[73.855573,15.800625],[73.870164,15.782173],[73.870419,15.781169]]]]}},{"type":"Feature","properties":{"State_Name":"Himachal Pradesh"},"geometry":{"type":"MultiPolygon","coordinates":[[[[76.794123,33.25569],[76.844571,33.245689],[76.819268,33.156265],[76.889998,33.116373],[76.933834,33.027383],[77.010156,32.987873],[77.151004,32.977258],[77.15612,32.910756],[77.188347,32.927872],[77.338882,32.81597],[77.407357,32.883172],[77.4685,32.857644],[77.681991,32.983278],[77.729266,32.968978],[77.806835,32.90243],[77.778,32.861813],[77.932563,32.760677],[77.918351,32.689944],[77.998679,32.58297],[78.051944,32.588361],[78.050132,32.632071],[78.081554,32.620699],[78.109696,32.65858],[78.137792,32.638729],[78.168908,32.675421],[78.245489,32.671385],[78.312234,32.709129],[78.308991,32.736207],[78.386982,32.756914],[78.403512,32.620208],[78.312856,32.573676],[78.285692,32.463088],[78.32815,32.443611],[78.397945,32.524839],[78.452466,32.50398],[78.455231,32.452718],[78.532187,32.415923],[78.451569,32.239493],[78.570676,32.241838],[78.6096,32.20456],[78.615088,32.111414],[78.655213,32.109071],[78.778347,31.994358],[78.704754,31.775555],[78.750622,31.681647],[78.797079,31.683176],[78.846115,31.60828],[78.731866,31.535236],[78.725495,31.484182],[78.809698,31.447622],[78.790534,31.396044],[78.848333,31.367272],[78.842997,31.325],[79.008922,31.109981],[78.885439,31.098779],[78.809917,31.198342],[78.658008,31.185097],[78.609344,31.229318],[78.483753,31.198995],[78.370315,31.286393],[78.311157,31.283202],[78.212441,31.219627],[78.160224,31.225535],[78.030339,31.151025],[77.96732,31.173424],[77.901307,31.151882],[77.811352,31.059157],[77.837589,30.953227],[77.772379,30.974404],[77.749001,30.953535],[77.762792,30.918236],[77.813294,30.921924],[77.805678,30.853268],[77.758219,30.876853],[77.761274,30.82612],[77.703773,30.765215],[77.792523,30.65874],[77.796253,30.6137],[77.74315,30.59316],[77.774024,30.557894],[77.817849,30.561077],[77.826813,30.527804],[77.586183,30.421635],[77.581034,30.377695],[77.523202,30.443531],[77.502485,30.404668],[77.44324,30.395396],[77.422323,30.409727],[77.45648,30.455662],[77.404723,30.408645],[77.354173,30.458244],[77.210734,30.464776],[77.195678,30.522618],[77.122809,30.563341],[77.172315,30.60131],[77.161207,30.690981],[77.095811,30.738771],[77.020532,30.740053],[77.012246,30.809898],[76.942627,30.817484],[76.91686,30.900821],[76.869567,30.873177],[76.822391,30.928598],[76.776745,30.904287],[76.624727,30.998828],[76.638604,31.108104],[76.602026,31.123795],[76.599995,31.178515],[76.641787,31.222734],[76.593206,31.211694],[76.587731,31.274257],[76.523782,31.258198],[76.479544,31.308254],[76.439687,31.279042],[76.463813,31.30146],[76.375167,31.437005],[76.367801,31.40395],[76.331096,31.401247],[76.354451,31.344961],[76.30758,31.342655],[76.322615,31.321666],[76.179804,31.306597],[76.14687,31.359044],[76.168622,31.409716],[76.017722,31.632187],[75.936669,31.815455],[75.98648,31.817982],[75.910386,31.950179],[75.658189,32.077713],[75.594744,32.07017],[75.67308,32.15877],[75.655746,32.197123],[75.624235,32.190327],[75.617883,32.236711],[75.770572,32.288689],[75.873498,32.39554],[75.936494,32.397418],[75.833321,32.513335],[75.936752,32.647884],[75.889348,32.653229],[75.924626,32.74831],[75.801353,32.885665],[75.837128,32.924412],[75.95396,32.87339],[76.088125,32.956217],[76.112328,33.006314],[76.278437,33.0378],[76.291826,33.103173],[76.410113,33.186471],[76.567441,33.210263],[76.646325,33.162291],[76.748302,33.17936],[76.793635,33.255858],[76.794123,33.25569]]]]}},{"type":"Feature","properties":{"State_Name":"Punjab"},"geometry":{"type":"MultiPolygon","coordinates":[[[[75.838756,32.512695],[75.934759,32.393383],[75.873498,32.39554],[75.770572,32.288689],[75.617883,32.236711],[75.624235,32.190327],[75.655746,32.197123],[75.67308,32.15877],[75.594844,32.069872],[75.658189,32.077713],[75.910386,31.950179],[75.98648,31.817982],[75.936669,31.815455],[76.017722,31.632187],[76.168622,31.409716],[76.14687,31.359044],[76.179804,31.306597],[76.322615,31.321666],[76.30758,31.342655],[76.354451,31.344961],[76.331096,31.401247],[76.367801,31.40395],[76.37397,31.437227],[76.463813,31.30146],[76.439687,31.279042],[76.479544,31.308254],[76.523782,31.258198],[76.587731,31.274257],[76.593206,31.211694],[76.641787,31.222734],[76.599995,31.178515],[76.602026,31.123795],[76.638604,31.108104],[76.624727,30.998828],[76.737176,30.949608],[76.856975,30.794802],[76.837757,30.754489],[76.771493,30.795268],[76.705163,30.742974],[76.776606,30.670403],[76.827308,30.682188],[76.849847,30.656892],[76.876433,30.680558],[76.871206,30.642177],[76.925999,30.610118],[76.916151,30.553718],[76.886487,30.549882],[76.931134,30.500921],[76.88642,30.429676],[76.93673,30.385803],[76.897517,30.359351],[76.846777,30.438133],[76.823374,30.4116],[76.777238,30.441274],[76.741038,30.426271],[76.712832,30.390257],[76.746079,30.349588],[76.623417,30.264602],[76.556663,30.26249],[76.54805,30.222498],[76.596104,30.255713],[76.656092,30.185254],[76.635914,30.168636],[76.614169,30.204489],[76.64224,30.149686],[76.546234,30.075884],[76.462534,30.101069],[76.422723,30.192293],[76.387164,30.170646],[76.400047,30.116721],[76.350476,30.146886],[76.321747,30.095111],[76.207642,30.156602],[76.253467,30.088972],[76.171957,29.926324],[76.243803,29.852458],[76.123934,29.790961],[76.098064,29.810658],[76.04345,29.742747],[75.870233,29.749349],[75.837742,29.813063],[75.778806,29.822396],[75.720653,29.813581],[75.706424,29.753229],[75.642442,29.775128],[75.580052,29.739474],[75.459522,29.807558],[75.345708,29.696047],[75.360148,29.662643],[75.333743,29.67352],[75.295716,29.62508],[75.30945,29.56088],[75.235351,29.542114],[75.235362,29.60311],[75.167545,29.670222],[75.241588,29.754683],[75.191469,29.841284],[75.155466,29.776932],[75.10073,29.806828],[75.088776,29.917237],[75.069961,29.877097],[74.990925,29.867725],[74.926748,29.950297],[74.897289,29.939453],[74.812445,29.992376],[74.706654,29.976939],[74.646853,29.904387],[74.531755,29.949241],[73.894697,29.973885],[73.904029,30.050084],[73.975136,30.120074],[73.959772,30.270183],[73.879774,30.359728],[73.973786,30.44383],[73.926256,30.438936],[73.934397,30.490148],[73.964127,30.456482],[74.012025,30.533598],[74.072278,30.522915],[74.096035,30.611613],[74.286458,30.735702],[74.260171,30.773101],[74.301965,30.779375],[74.320383,30.846632],[74.382087,30.86044],[74.365903,30.892938],[74.422716,30.907784],[74.416403,30.94034],[74.546157,30.992422],[74.568232,31.054695],[74.596798,31.037668],[74.695928,31.074165],[74.689101,31.128026],[74.603048,31.133607],[74.610665,31.099302],[74.571266,31.081428],[74.510361,31.131907],[74.551651,31.364358],[74.602458,31.420515],[74.654608,31.426014],[74.636477,31.484768],[74.575211,31.501172],[74.615598,31.568989],[74.486594,31.715005],[74.559405,31.757886],[74.60786,31.890392],[74.819098,31.958755],[74.879548,32.053803],[75.012362,32.035751],[75.122903,32.081388],[75.174241,32.067474],[75.202455,32.120243],[75.261307,32.101386],[75.316379,32.208043],[75.372432,32.226059],[75.381853,32.26896],[75.320494,32.297396],[75.34143,32.3461],[75.4304,32.315905],[75.489167,32.346],[75.533448,32.27766],[75.559804,32.357133],[75.722514,32.405458],[75.728546,32.452694],[75.836527,32.51275],[75.838756,32.512695]]]]}},{"type":"Feature","properties":{"State_Name":"Rajasthan"},"geometry":{"type":"MultiPolygon","coordinates":[[[[73.972664,30.198004],[73.975136,30.120074],[73.904029,30.050084],[73.894697,29.973885],[74.527171,29.942828],[74.510031,29.908236],[74.561048,29.869687],[74.485094,29.815058],[74.473792,29.768386],[74.480381,29.743539],[74.616103,29.752199],[74.574942,29.564365],[74.621866,29.522289],[74.584621,29.458544],[74.534628,29.447754],[74.599258,29.327501],[74.654483,29.332975],[74.658201,29.372009],[74.762178,29.354419],[74.850527,29.403649],[74.938263,29.362079],[74.961145,29.280625],[75.050002,29.286189],[75.075519,29.229734],[75.119583,29.222905],[75.187997,29.268305],[75.238374,29.230281],[75.322941,29.289513],[75.349824,29.223814],[75.410506,29.255723],[75.414365,29.184349],[75.371481,29.138133],[75.445708,29.008336],[75.521804,29.003909],[75.51154,28.942104],[75.473372,28.923424],[75.561498,28.613257],[75.621687,28.602108],[75.633455,28.544484],[75.788278,28.453594],[75.776765,28.400449],[75.918234,28.372034],[76.026323,28.275057],[76.016139,28.236982],[76.095448,28.150887],[76.031798,28.167882],[75.94561,28.107188],[75.984424,28.04711],[76.040795,28.074074],[75.972731,28.023657],[75.995536,28.006913],[75.965818,27.983634],[75.999956,27.977602],[75.97271,27.93269],[75.932397,27.930164],[75.987484,27.904186],[75.971373,27.85199],[76.04808,27.835007],[76.088887,27.860579],[76.174965,27.798093],[76.217328,27.816833],[76.157781,27.989003],[76.21474,28.026607],[76.180406,28.054545],[76.260962,28.067556],[76.298977,28.02273],[76.342312,28.03059],[76.355605,28.070749],[76.301442,28.09789],[76.35986,28.124941],[76.292264,28.179243],[76.380726,28.133431],[76.475724,28.14861],[76.49935,28.099687],[76.447828,28.088985],[76.501524,28.060088],[76.454657,28.042349],[76.543808,28.034244],[76.548125,27.963876],[76.668147,28.013867],[76.657144,28.089208],[76.794803,28.148432],[76.808391,28.210906],[76.874892,28.217807],[76.97054,28.138466],[76.930784,27.993572],[76.942294,27.842931],[76.892396,27.733494],[76.924439,27.699956],[76.889587,27.700786],[76.910544,27.654709],[76.979087,27.653632],[77.00009,27.737004],[77.085653,27.738124],[77.026569,27.779275],[77.04479,27.821851],[77.135212,27.775955],[77.202066,27.824627],[77.236694,27.785385],[77.268751,27.814973],[77.302856,27.794069],[77.303926,27.710805],[77.341144,27.703383],[77.352576,27.651253],[77.317052,27.606766],[77.358211,27.588976],[77.339986,27.526634],[77.437808,27.456332],[77.43997,27.390344],[77.578778,27.322677],[77.622704,27.336199],[77.598662,27.297217],[77.681125,27.194416],[77.619951,27.173562],[77.597839,27.118012],[77.517735,27.102471],[77.519339,27.066631],[77.571684,27.07188],[77.563202,27.029382],[77.630022,27.010218],[77.679761,27.047095],[77.711936,26.997116],[77.759513,27.017995],[77.743469,26.983177],[77.427276,26.864097],[77.454556,26.741883],[77.502556,26.768744],[77.501165,26.844464],[77.525679,26.818882],[77.610332,26.828587],[77.722604,26.874328],[77.760594,26.932632],[77.896485,26.884008],[77.906356,26.917789],[78.014583,26.902921],[78.02647,26.849544],[78.048803,26.910143],[78.111194,26.895887],[78.124507,26.949295],[78.272255,26.919195],[78.232642,26.874285],[78.196977,26.882186],[78.222955,26.830635],[78.169206,26.821544],[78.184061,26.784045],[78.106104,26.79],[78.09267,26.676264],[78.000609,26.694941],[77.903601,26.658977],[77.894573,26.615195],[77.827321,26.596046],[77.823638,26.55046],[77.744748,26.538248],[77.726258,26.502109],[77.675536,26.50303],[77.538357,26.411353],[77.437605,26.403427],[77.444347,26.361595],[77.36736,26.363843],[77.21269,26.233807],[77.136284,26.233819],[77.097263,26.183655],[77.030025,26.171747],[76.900633,26.092814],[76.790964,25.943156],[76.582248,25.870244],[76.520704,25.792533],[76.522176,25.728373],[76.473104,25.709227],[76.555819,25.452593],[76.598496,25.392348],[76.729313,25.328572],[76.899086,25.324217],[76.94305,25.282174],[77.083516,25.336739],[77.20917,25.306185],[77.291234,25.422744],[77.370917,25.408389],[77.34215,25.321759],[77.37633,25.31817],[77.355202,25.263537],[77.426534,25.187982],[77.393243,25.159572],[77.406577,25.111713],[77.311194,25.079746],[77.269506,25.116037],[77.174576,25.111735],[77.085301,25.055113],[77.000255,25.074872],[76.876153,25.041548],[76.856857,25.002483],[76.949616,24.869386],[76.802607,24.809306],[76.856121,24.742486],[76.954379,24.759512],[77.030657,24.712225],[77.071318,24.572454],[76.977814,24.461258],[76.918435,24.480718],[76.917597,24.543408],[76.816393,24.533642],[76.853241,24.46697],[76.841486,24.322541],[76.947132,24.201043],[76.900743,24.127238],[76.801965,24.116576],[76.756339,24.169112],[76.698841,24.16841],[76.695426,24.284313],[76.584753,24.243779],[76.57678,24.177829],[76.527628,24.157047],[76.470534,24.225986],[76.412564,24.200289],[76.321737,24.245454],[76.281193,24.206826],[76.212445,24.209845],[76.185408,24.329353],[76.117425,24.194183],[76.127063,24.088066],[75.963436,24.018702],[75.981344,23.928965],[75.782072,23.848845],[75.706008,23.899318],[75.736553,23.856538],[75.721618,23.811906],[75.690135,23.813446],[75.686905,23.755384],[75.654409,23.798363],[75.583521,23.794778],[75.564315,23.856481],[75.462225,23.914539],[75.473881,23.982013],[75.521076,24.024644],[75.595696,23.990069],[75.670834,24.018098],[75.717507,23.966908],[75.782899,24.04339],[75.836793,24.057026],[75.834936,24.09177],[75.792924,24.091891],[75.750997,24.143482],[75.776439,24.208386],[75.830242,24.233465],[75.727751,24.390516],[75.789369,24.471601],[75.83877,24.414177],[75.909175,24.455074],[75.888049,24.507738],[75.920613,24.521477],[75.91473,24.572344],[75.825147,24.613039],[75.83626,24.727835],[75.756813,24.761553],[75.610819,24.681031],[75.58308,24.713302],[75.455419,24.680702],[75.21942,24.702555],[75.184413,24.748505],[75.252339,24.813099],[75.224209,24.844029],[75.311037,24.800988],[75.425645,24.868819],[75.263412,24.874856],[75.294266,24.908962],[75.261037,24.963456],[75.318425,24.894157],[75.334319,25.041109],[75.165797,25.047619],[75.166484,25.002903],[75.113534,24.96681],[75.116801,24.877914],[75.034021,24.844652],[74.92398,24.877967],[74.84308,24.969011],[74.849302,24.775984],[74.860883,24.798606],[75.000945,24.774695],[75.016271,24.731984],[74.943245,24.637837],[74.888817,24.633687],[74.799878,24.779203],[74.771743,24.661508],[74.81362,24.649601],[74.708701,24.486473],[74.854204,24.44456],[74.747082,24.253466],[74.896823,24.227176],[74.903325,24.109254],[74.982425,24.025757],[74.902474,23.873217],[74.903682,23.794301],[74.940383,23.764731],[74.89965,23.682305],[74.936491,23.628612],[74.847298,23.552135],[74.604032,23.457523],[74.514126,23.328311],[74.546645,23.277106],[74.700664,23.265789],[74.691811,23.219246],[74.741508,23.208423],[74.671386,23.200128],[74.505734,23.08519],[74.386113,23.111537],[74.329127,23.061291],[74.247035,23.184431],[74.202911,23.190313],[74.181162,23.151648],[74.127775,23.176117],[74.138783,23.266056],[74.038154,23.293449],[73.962338,23.380906],[73.891916,23.334118],[73.828694,23.447698],[73.786262,23.430229],[73.755717,23.454325],[73.720792,23.410137],[73.697386,23.456674],[73.627195,23.448575],[73.655642,23.621291],[73.572639,23.653767],[73.523069,23.606903],[73.49375,23.632339],[73.50738,23.703045],[73.351829,23.791399],[73.361107,23.872703],[73.42081,23.930828],[73.361976,24.104662],[73.326306,24.109646],[73.316687,24.053634],[73.242771,24.002284],[73.193124,24.040996],[73.213914,24.077686],[73.067422,24.19469],[73.135416,24.308433],[73.169201,24.300306],[73.219243,24.363897],[73.15201,24.354351],[73.076482,24.3966],[73.08721,24.498043],[73.034564,24.464241],[72.991085,24.47789],[72.949264,24.398184],[72.975095,24.368797],[72.910709,24.337211],[72.849739,24.372042],[72.730838,24.364298],[72.683339,24.463875],[72.575919,24.478851],[72.538925,24.519615],[72.500321,24.417047],[72.45722,24.414797],[72.441414,24.515061],[72.388583,24.507719],[72.353707,24.563756],[72.294786,24.546797],[72.246374,24.585602],[72.336057,24.598711],[72.347351,24.628515],[72.164786,24.621285],[72.089793,24.65869],[72.061287,24.712111],[71.993809,24.695056],[71.939848,24.6338],[71.871729,24.681761],[71.852142,24.609359],[71.805875,24.626742],[71.791504,24.677331],[71.655344,24.639183],[71.607837,24.677083],[71.502666,24.682871],[71.377346,24.62599],[71.347784,24.661075],[71.28778,24.616057],[71.111977,24.675806],[70.937625,24.938564],[70.888668,25.148179],[70.664812,25.396888],[70.660072,25.702158],[70.387,25.673837],[70.26865,25.713606],[70.099761,25.938269],[70.083385,26.083295],[70.175045,26.251534],[70.174174,26.551449],[70.056231,26.600574],[69.886765,26.578876],[69.791894,26.598317],[69.510307,26.743509],[69.484423,26.804841],[69.51331,27.009989],[69.586839,27.183328],[70.025897,27.562926],[70.132394,27.805961],[70.37219,28.011838],[70.505818,28.037044],[70.589458,28.010445],[70.677397,27.921852],[70.68437,27.828192],[70.739766,27.741928],[70.871837,27.705604],[71.205533,27.835423],[71.383061,27.872636],[71.666431,27.877762],[71.898342,27.961216],[71.927359,28.121746],[72.206128,28.394275],[72.299235,28.66976],[72.3907,28.770363],[72.94581,29.027887],[73.282095,29.572038],[73.396923,29.946003],[73.806558,30.068035],[73.972603,30.198201],[73.972664,30.198004]]]]}},{"type":"Feature","properties":{"State_Name":"Gujarat"},"geometry":{"type":"MultiPolygon","coordinates":[[[[71.099686,24.686732],[71.287548,24.615966],[71.347784,24.661075],[71.377346,24.62599],[71.502666,24.682871],[71.607837,24.677083],[71.655344,24.639183],[71.791504,24.677331],[71.805875,24.626742],[71.852142,24.609359],[71.871729,24.681761],[71.939848,24.6338],[71.993809,24.695056],[72.061287,24.712111],[72.089793,24.65869],[72.164786,24.621285],[72.347351,24.628515],[72.336057,24.598711],[72.246374,24.585602],[72.294786,24.546797],[72.353707,24.563756],[72.388583,24.507719],[72.441414,24.515061],[72.45722,24.414797],[72.500321,24.417047],[72.538925,24.519615],[72.575919,24.478851],[72.683339,24.463875],[72.730838,24.364298],[72.849739,24.372042],[72.910709,24.337211],[72.975095,24.368797],[72.949264,24.398184],[72.991085,24.47789],[73.034564,24.464241],[73.08721,24.498043],[73.076482,24.3966],[73.15201,24.354351],[73.219243,24.363897],[73.169201,24.300306],[73.135416,24.308433],[73.067422,24.19469],[73.213914,24.077686],[73.193124,24.040996],[73.242771,24.002284],[73.316687,24.053634],[73.326306,24.109646],[73.361976,24.104662],[73.42081,23.930828],[73.361107,23.872703],[73.351829,23.791399],[73.50738,23.703045],[73.49375,23.632339],[73.523069,23.606903],[73.572639,23.653767],[73.655642,23.621291],[73.627195,23.448575],[73.697386,23.456674],[73.720792,23.410137],[73.755717,23.454325],[73.786262,23.430229],[73.828694,23.447698],[73.891916,23.334118],[73.962338,23.380906],[74.038154,23.293449],[74.106824,23.293749],[74.138783,23.266056],[74.127775,23.176117],[74.181162,23.151648],[74.202911,23.190313],[74.247035,23.184431],[74.364226,22.981473],[74.339486,22.952896],[74.393205,22.896848],[74.460545,22.908008],[74.476097,22.85246],[74.379031,22.634644],[74.263629,22.644093],[74.150668,22.521268],[74.074631,22.551408],[74.038361,22.534795],[74.033438,22.490188],[74.082849,22.50664],[74.075623,22.46419],[74.119408,22.418875],[74.149379,22.455703],[74.184037,22.441573],[74.190599,22.475935],[74.201619,22.434516],[74.29102,22.393949],[74.203697,22.366546],[74.190148,22.320256],[74.128022,22.33306],[74.105382,22.371763],[74.064884,22.354536],[74.072169,22.219159],[74.12245,22.212443],[74.124479,22.097855],[74.178593,22.085567],[74.092075,22.015054],[74.150599,21.986596],[74.147012,21.94849],[73.795606,21.824639],[73.891636,21.691785],[73.887916,21.653229],[73.780142,21.628234],[73.851938,21.497902],[73.951756,21.512694],[73.956945,21.540879],[73.982282,21.521898],[74.005177,21.55346],[74.175773,21.568764],[74.196897,21.532061],[74.294873,21.569086],[74.330314,21.552814],[74.320598,21.498503],[74.100663,21.44771],[74.063048,21.474644],[74.044627,21.419197],[73.938699,21.404916],[73.941939,21.29916],[73.822637,21.270746],[73.815638,21.17396],[73.740089,21.171115],[73.718728,21.139646],[73.577138,21.170662],[73.618188,21.118353],[73.743516,21.115062],[73.729685,21.082316],[73.780096,21.064404],[73.807534,21.084705],[73.799899,21.038637],[73.901086,20.982223],[73.942197,20.742395],[73.812008,20.692271],[73.838304,20.620622],[73.744599,20.564847],[73.652335,20.564559],[73.599519,20.636901],[73.520601,20.67881],[73.489238,20.655735],[73.474653,20.720385],[73.449534,20.717632],[73.391982,20.646056],[73.493796,20.538258],[73.379783,20.393485],[73.412675,20.360866],[73.421423,20.206538],[73.299429,20.209548],[73.249086,20.122763],[73.187949,20.128608],[73.21791,20.185933],[73.168482,20.208237],[73.133183,20.205774],[73.115255,20.151898],[73.060432,20.161902],[73.063625,20.227643],[73.167085,20.288559],[73.151347,20.317277],[73.101363,20.30288],[73.096384,20.36048],[73.034626,20.291448],[73.007684,20.312511],[72.973216,20.27036],[72.916909,20.281346],[72.961587,20.208818],[72.858665,20.224593],[72.815965,20.184294],[72.824398,20.14187],[72.739589,20.132557],[72.778817,20.334992],[72.890676,20.372641],[72.904123,20.414831],[72.857259,20.418917],[72.895329,20.444301],[72.858129,20.465631],[72.897917,20.586395],[72.780178,20.921146],[72.82037,20.952293],[72.754648,20.938653],[72.722161,21.037725],[72.741389,21.07841],[72.68479,21.082965],[72.669824,21.11503],[72.621263,21.094423],[72.657355,21.224646],[72.600343,21.289865],[72.609921,21.394694],[72.474046,21.410363],[72.428388,21.499993],[72.259107,21.499993],[72.119579,21.285558],[72.113349,21.196604],[72.007208,21.132414],[71.996945,21.170971],[71.97683,21.120523],[71.786,21.055147],[71.806475,21.038418],[71.750001,20.99999],[71.648785,20.995172],[71.434318,20.888395],[71.430232,20.981506],[71.380573,20.968801],[71.356984,20.995685],[71.328836,20.931601],[71.263614,20.992511],[71.177605,20.919014],[71.207722,20.792412],[71.049839,20.730909],[70.916395,20.741563],[70.827483,20.689894],[70.446822,20.847734],[70.182265,21.035348],[69.981851,21.227958],[70.02884,21.274786],[69.981564,21.228622],[69.775654,21.459969],[69.805092,21.464599],[69.755048,21.484615],[69.773227,21.461557],[69.722194,21.539909],[69.282144,21.894968],[68.954728,22.242919],[68.957368,22.368242],[69.068102,22.481361],[69.035633,22.390168],[69.110477,22.409921],[69.121158,22.375615],[69.194815,22.421819],[69.13378,22.222619],[69.155739,22.195109],[69.190287,22.243617],[69.212807,22.210326],[69.237576,22.222683],[69.240505,22.25835],[69.321972,22.29198],[69.332712,22.327808],[69.422913,22.316181],[69.540429,22.377186],[69.597646,22.346136],[69.655353,22.359543],[69.730681,22.484532],[69.753694,22.416617],[69.764518,22.47548],[69.779296,22.416372],[69.820808,22.432454],[69.82416,22.473086],[69.870603,22.427881],[69.87112,22.471196],[69.926337,22.464445],[69.889558,22.495279],[69.971052,22.500045],[69.94667,22.528204],[69.98453,22.541424],[69.982354,22.513226],[69.97547,22.542819],[70.125683,22.553181],[70.374701,22.907244],[70.409178,22.926023],[70.391697,22.892248],[70.410765,22.926664],[70.400043,22.889218],[70.419208,22.918692],[70.382902,22.87165],[70.426506,22.904515],[70.388277,22.849799],[70.412317,22.87219],[70.397059,22.845823],[70.427096,22.84216],[70.391311,22.839641],[70.413936,22.834122],[70.382837,22.795186],[70.466052,22.845041],[70.482961,22.935528],[70.498211,22.914274],[70.519285,22.935086],[70.432327,22.967576],[70.541301,22.960089],[70.561345,23.029507],[70.734885,23.154476],[70.742762,23.22283],[70.66596,23.228264],[70.634681,23.185246],[70.567181,23.177285],[70.31224,23.215522],[70.308811,23.181476],[70.227817,23.160217],[70.107736,22.977941],[70.036289,22.952431],[70.080209,22.919978],[69.927034,22.896006],[69.682387,22.799943],[69.418206,22.812648],[69.494686,22.779844],[69.471746,22.773725],[69.304632,22.837732],[69.195816,22.838],[68.955373,22.973717],[68.93155,22.987942],[68.970063,23.047981],[68.921048,23.087669],[68.862732,23.031755],[68.759408,23.079767],[68.580111,23.228394],[68.631485,23.299254],[68.605516,23.249867],[68.530141,23.269288],[68.557246,23.31492],[68.619564,23.330064],[68.557601,23.336541],[68.578017,23.374266],[68.499328,23.367781],[68.51758,23.407825],[68.547565,23.40064],[68.521196,23.428891],[68.491762,23.413295],[68.492902,23.475967],[68.485317,23.396712],[68.447642,23.406786],[68.454535,23.447444],[68.410499,23.43626],[68.480746,23.515578],[68.433281,23.536964],[68.399635,23.485125],[68.413447,23.634362],[68.482007,23.617643],[68.45181,23.6588],[68.619261,23.750208],[68.656675,23.812832],[68.809838,23.880335],[68.593685,23.828884],[68.581935,23.77136],[68.509085,23.741443],[68.43198,23.728326],[68.426577,23.762134],[68.321503,23.579422],[68.123816,23.61286],[68.198065,23.674972],[68.261618,23.634896],[68.262579,23.594953],[68.26551,23.634919],[68.312193,23.621239],[68.259562,23.646251],[68.348283,23.635568],[68.221074,23.65639],[68.30614,23.679238],[68.287496,23.70584],[68.33011,23.728973],[68.27264,23.689579],[68.23539,23.731017],[68.266984,23.692329],[68.231212,23.669551],[68.184013,23.73255],[68.21092,23.877597],[68.280004,23.930736],[68.330695,23.927436],[68.361583,23.989449],[68.393823,23.966209],[68.752844,23.971758],[68.764528,24.295851],[68.806935,24.313111],[68.866081,24.212214],[68.945225,24.302497],[69.003291,24.223085],[69.094852,24.274425],[69.194066,24.236383],[69.312795,24.281481],[69.492685,24.267749],[69.594276,24.292398],[69.73149,24.171047],[70.025335,24.171083],[70.109917,24.29501],[70.573123,24.422315],[70.602369,24.40819],[70.562012,24.354044],[70.571232,24.251601],[70.805316,24.220819],[70.90664,24.259278],[70.873888,24.294989],[70.947063,24.348551],[71.042125,24.35086],[71.121858,24.405732],[71.103116,24.435766],[70.998484,24.444401],[70.987399,24.543547],[70.999126,24.622436],[71.09617,24.688711],[71.099686,24.686732]]],[[[72.961593,20.332245],[72.971479,20.29719],[72.96161,20.332358],[72.961593,20.332245]]],[[[68.733798,23.831487],[68.734603,23.83153],[68.733039,23.831565],[68.733798,23.831487]]],[[[68.548361,23.691379],[68.548616,23.691306],[68.548387,23.691455],[68.548322,23.691634],[68.548361,23.691379]]],[[[71.287082,24.610679],[71.287239,24.611781],[71.287286,24.612256],[71.287082,24.610679]]]]}},{"type":"Feature","properties":{"State_Name":"Uttarakhand"},"geometry":{"type":"MultiPolygon","coordinates":[[[[79.067934,31.461526],[79.246475,31.330039],[79.251866,31.243017],[79.292623,31.221218],[79.317481,31.136721],[79.398803,31.107786],[79.42476,31.030492],[79.519035,31.026706],[79.598605,30.93819],[79.75729,30.997972],[79.864339,30.969778],[79.929096,30.882433],[80.056018,30.841506],[80.110908,30.779295],[80.177771,30.804055],[80.214909,30.749062],[80.239664,30.762059],[80.236422,30.690384],[80.197164,30.661978],[80.25776,30.558836],[80.415579,30.525335],[80.539078,30.449197],[80.598009,30.478766],[80.751969,30.393504],[80.821571,30.315558],[81.005545,30.263092],[81.044983,30.211277],[80.950007,30.178259],[80.902733,30.215381],[80.874146,30.125583],[80.761032,30.049517],[80.744555,30.003853],[80.674548,29.957215],[80.601848,29.958127],[80.493857,29.795805],[80.435028,29.805974],[80.366416,29.749188],[80.420258,29.638333],[80.407939,29.595972],[80.34247,29.552773],[80.34967,29.519208],[80.286935,29.476977],[80.301784,29.452776],[80.24224,29.442876],[80.31851,29.303502],[80.293733,29.19776],[80.240589,29.202906],[80.272702,29.142418],[80.233044,29.118487],[80.18319,29.137185],[80.14479,29.102199],[80.135419,29.007396],[80.058469,28.916626],[80.061749,28.783235],[79.954409,28.722903],[79.939832,28.787756],[79.87307,28.797323],[79.915534,28.804314],[79.888234,28.836598],[79.808044,28.800948],[79.849612,28.859337],[79.829307,28.884494],[79.70668,28.841049],[79.656059,28.86981],[79.584371,28.846313],[79.556488,28.8993],[79.52179,28.864785],[79.440466,28.861779],[79.372367,28.987513],[79.307273,28.966509],[79.21174,29.027606],[79.171062,29.011911],[79.126873,29.132727],[79.035845,29.169435],[79.026704,29.112459],[78.982348,29.143088],[78.906339,29.125056],[78.874469,29.230245],[78.807631,29.236552],[78.718591,29.306684],[78.766555,29.337445],[78.795914,29.311809],[78.824736,29.367175],[78.849872,29.344861],[78.942337,29.438615],[78.799676,29.464619],[78.617734,29.558072],[78.532675,29.638796],[78.500965,29.732951],[78.335658,29.796653],[78.259751,29.738383],[78.203921,29.737312],[78.196029,29.692722],[78.057469,29.630733],[78.021597,29.580898],[77.967494,29.58011],[77.933299,29.60056],[77.983784,29.643683],[77.953015,29.707393],[77.830045,29.668345],[77.799049,29.686238],[77.714293,29.869502],[77.80119,30.095526],[77.860411,30.113242],[77.961694,30.24242],[77.721843,30.330258],[77.656642,30.400991],[77.572357,30.407958],[77.827335,30.529172],[77.74315,30.59316],[77.796253,30.6137],[77.792523,30.65874],[77.702431,30.746009],[77.761274,30.82612],[77.758219,30.876853],[77.805678,30.853268],[77.813294,30.921924],[77.762792,30.918236],[77.748784,30.952236],[77.770974,30.974394],[77.838317,30.954239],[77.811352,31.059157],[77.901307,31.151882],[77.96732,31.173424],[78.030339,31.151025],[78.160224,31.225535],[78.212441,31.219627],[78.311157,31.283202],[78.370315,31.286393],[78.483753,31.198995],[78.609344,31.229318],[78.658008,31.185097],[78.809917,31.198342],[78.885439,31.098779],[79.008922,31.109981],[78.881174,31.284255],[78.927981,31.256333],[78.939368,31.326472],[79.010832,31.357083],[79.064245,31.462079],[79.067934,31.461526]]]]}},{"type":"Feature","properties":{"State_Name":"Uttar Pradesh"},"geometry":{"type":"MultiPolygon","coordinates":[[[[77.591893,30.406316],[77.656642,30.400991],[77.721843,30.330258],[77.961694,30.24242],[77.860411,30.113242],[77.80119,30.095526],[77.733292,29.955982],[77.747771,29.911214],[77.714293,29.869502],[77.799049,29.686238],[77.830045,29.668345],[77.947019,29.71253],[77.983784,29.643683],[77.933299,29.60056],[78.021597,29.580898],[78.057469,29.630733],[78.196029,29.692722],[78.203921,29.737312],[78.259751,29.738383],[78.335658,29.796653],[78.500965,29.732951],[78.532675,29.638796],[78.617734,29.558072],[78.799676,29.464619],[78.942337,29.438615],[78.849872,29.344861],[78.824736,29.367175],[78.795914,29.311809],[78.766555,29.337445],[78.718591,29.306684],[78.807631,29.236552],[78.874469,29.230245],[78.906339,29.125056],[78.982348,29.143088],[79.026704,29.112459],[79.035845,29.169435],[79.126873,29.132727],[79.171062,29.011911],[79.21174,29.027606],[79.307273,28.966509],[79.372367,28.987513],[79.427954,28.919825],[79.425578,28.866459],[79.52179,28.864785],[79.556488,28.8993],[79.584371,28.846313],[79.656059,28.86981],[79.70668,28.841049],[79.818036,28.887847],[79.849612,28.859337],[79.808769,28.800055],[79.888234,28.836598],[79.915534,28.804314],[79.87307,28.797323],[79.939832,28.787756],[79.954177,28.722872],[80.030145,28.748673],[80.064735,28.836442],[80.118052,28.82898],[80.256581,28.754252],[80.360995,28.635263],[80.45194,28.628857],[80.517624,28.55196],[80.505926,28.670836],[80.59052,28.680037],[80.589448,28.648037],[80.667625,28.642189],[80.690446,28.587596],[80.768601,28.565907],[80.789134,28.524474],[80.865949,28.489584],[80.896094,28.507019],[80.915415,28.457637],[81.016757,28.451289],[81.033834,28.398898],[81.210597,28.360833],[81.232639,28.289148],[81.320944,28.197554],[81.318031,28.133672],[81.371076,28.143492],[81.373515,28.177301],[81.446684,28.161016],[81.478276,28.082713],[81.698441,27.988191],[81.884958,27.856951],[81.92585,27.859831],[81.968324,27.929121],[82.069961,27.923646],[82.121382,27.865846],[82.208307,27.843579],[82.44867,27.679315],[82.707653,27.722916],[82.755767,27.587799],[82.735547,27.502352],[82.929295,27.501169],[83.034574,27.448723],[83.187948,27.454316],[83.317588,27.330164],[83.409342,27.412806],[83.388175,27.479755],[83.614265,27.469437],[83.831783,27.370388],[83.859218,27.308281],[83.925781,27.321488],[83.905274,27.257352],[83.994245,27.175148],[83.946532,27.090798],[84.030398,27.097606],[84.000123,27.068563],[84.049564,27.043247],[84.03218,26.9412],[84.060315,26.888112],[84.146468,26.885399],[84.166156,26.83377],[84.219553,26.871605],[84.254118,26.85653],[84.240728,26.738697],[84.30614,26.749507],[84.330352,26.68392],[84.410641,26.670131],[84.419951,26.626838],[84.281506,26.599503],[84.086557,26.639116],[84.047813,26.536209],[83.908142,26.519052],[83.908076,26.447064],[84.017361,26.447581],[84.079286,26.382605],[84.176965,26.370634],[84.16631,26.241034],[84.120722,26.258573],[84.086534,26.21864],[84.019054,26.238813],[84.009473,26.175413],[84.055977,26.100027],[84.172552,26.024571],[84.170083,25.987664],[84.207134,25.999819],[84.296971,25.945161],[84.354011,25.958769],[84.427614,25.891221],[84.534047,25.876218],[84.530549,25.831603],[84.624865,25.791879],[84.603026,25.761924],[84.634717,25.727899],[84.560346,25.736885],[84.557477,25.679509],[84.53977,25.726754],[84.499245,25.674819],[84.453506,25.713915],[84.406651,25.697844],[84.391063,25.7449],[84.336666,25.743521],[84.323989,25.670307],[84.27648,25.659295],[84.205844,25.669735],[84.154676,25.729261],[84.104483,25.720958],[84.081333,25.636415],[83.816605,25.462731],[83.846402,25.434323],[83.769022,25.386327],[83.701731,25.396132],[83.648849,25.339243],[83.539955,25.315759],[83.357298,25.199652],[83.367423,25.125218],[83.32026,25.017235],[83.350588,25.008748],[83.357635,24.870527],[83.393576,24.782248],[83.489395,24.736424],[83.520408,24.677471],[83.50052,24.65122],[83.547988,24.622845],[83.503319,24.525391],[83.396983,24.496872],[83.40511,24.404755],[83.457306,24.36452],[83.380408,24.313751],[83.409141,24.266298],[83.3541,24.124877],[83.223645,23.986618],[83.199524,23.914552],[83.09141,23.871518],[82.947913,23.871395],[82.812612,23.959869],[82.803861,24.003528],[82.751277,24.011891],[82.774112,24.075899],[82.713909,24.074543],[82.66556,24.124241],[82.744363,24.165573],[82.773332,24.343775],[82.764418,24.376071],[82.713467,24.380306],[82.743699,24.496277],[82.719271,24.552435],[82.800951,24.58019],[82.765371,24.59587],[82.773823,24.641741],[82.706797,24.636036],[82.671058,24.696942],[82.539128,24.647731],[82.429533,24.702625],[82.416127,24.591115],[82.298488,24.604947],[82.303014,24.666907],[82.229767,24.681628],[82.250843,24.769814],[82.207004,24.747312],[82.221215,24.721945],[82.177484,24.732304],[82.217876,24.776674],[82.184296,24.795612],[82.20363,24.819184],[82.115647,24.784416],[82.016953,24.845992],[81.965304,24.82702],[81.902874,24.891657],[81.907092,25.00618],[81.792723,25.004424],[81.666581,25.075094],[81.611671,25.056305],[81.640868,25.098932],[81.624376,25.119944],[81.608266,25.095943],[81.59772,25.131226],[81.626246,25.160721],[81.578663,25.190813],[81.514543,25.183655],[81.536564,25.160528],[81.480019,25.132178],[81.518191,25.101016],[81.491207,25.072249],[81.407304,25.105109],[81.447642,25.107088],[81.438298,25.130544],[81.399557,25.119366],[81.334585,25.169225],[81.321386,25.112779],[81.313468,25.163722],[81.277564,25.165982],[81.263997,25.053066],[81.208965,24.99259],[81.219678,24.928592],[81.168053,24.955202],[81.139644,24.887505],[81.08478,24.949659],[80.957247,24.917838],[80.946665,24.966277],[80.812174,24.922505],[80.792294,24.9649],[80.852243,24.988719],[80.831817,25.032862],[80.912949,25.159072],[80.884692,25.187928],[80.838184,25.180539],[80.829915,25.100026],[80.808327,25.136909],[80.704425,25.128365],[80.776229,25.054816],[80.679595,25.048533],[80.684637,25.077037],[80.607531,25.098155],[80.638264,25.116725],[80.606578,25.150349],[80.613216,25.065664],[80.482757,25.100203],[80.54951,25.002457],[80.499336,25.006206],[80.478937,24.973975],[80.433126,25.023727],[80.501911,25.03724],[80.44968,25.078485],[80.373614,25.055899],[80.387349,25.004306],[80.362988,25.023603],[80.331026,24.992192],[80.273656,25.025966],[80.290571,25.059532],[80.355458,25.055663],[80.354592,25.13835],[80.431701,25.177609],[80.40338,25.244027],[80.310835,25.286401],[80.315447,25.388865],[80.263879,25.424046],[80.25355,25.400834],[80.202408,25.414031],[80.131132,25.334225],[80.033485,25.342048],[80.004821,25.267223],[79.948335,25.268649],[79.91754,25.226778],[79.907493,25.250888],[79.851373,25.235606],[79.881534,25.142044],[79.861536,25.096207],[79.748504,25.139666],[79.600135,25.1278],[79.569196,25.171818],[79.49151,25.079611],[79.465121,25.088026],[79.477243,25.127482],[79.405342,25.106226],[79.390279,25.170116],[79.494514,25.26686],[79.408742,25.256085],[79.368612,25.292437],[79.362901,25.261695],[79.352187,25.329835],[79.299832,25.337654],[79.264472,25.268944],[79.350863,25.263919],[79.338462,25.197977],[79.279367,25.244707],[79.313647,25.136088],[79.278098,25.117506],[79.260463,25.153155],[79.217146,25.110704],[79.192249,25.146246],[79.185996,25.114931],[79.130951,25.109419],[79.090585,25.191072],[79.02938,25.140556],[79.063638,25.222023],[79.013221,25.274049],[78.974843,25.240492],[79.005873,25.195046],[78.953847,25.218957],[78.880394,25.157615],[78.88092,25.25401],[78.979924,25.279046],[78.960615,25.345083],[78.927933,25.324128],[78.882003,25.343637],[78.849652,25.228784],[78.809456,25.270533],[78.828565,25.302737],[78.78778,25.296006],[78.880242,25.385893],[78.953098,25.40009],[78.896417,25.374111],[78.938712,25.346976],[78.989331,25.37404],[78.967232,25.434359],[78.908872,25.442421],[78.943906,25.482926],[78.939366,25.55722],[78.923365,25.535937],[78.882648,25.553962],[78.884381,25.51558],[78.834958,25.505821],[78.86617,25.465669],[78.844149,25.427753],[78.840894,25.461545],[78.73805,25.494835],[78.762358,25.426901],[78.821417,25.422529],[78.748262,25.409788],[78.774631,25.35305],[78.726737,25.343419],[78.660124,25.383955],[78.711485,25.428085],[78.658182,25.441025],[78.635181,25.400678],[78.566498,25.390759],[78.584982,25.346826],[78.529622,25.353385],[78.532991,25.300949],[78.498286,25.320075],[78.435027,25.284169],[78.578004,25.253293],[78.555752,25.209214],[78.652614,25.050591],[78.631728,24.957693],[78.676557,24.898629],[78.770034,24.859017],[78.789837,24.810975],[78.752027,24.600176],[78.883219,24.641294],[78.97152,24.494236],[78.920574,24.499714],[78.914207,24.459612],[78.993646,24.422744],[78.971452,24.3476],[78.909635,24.297989],[78.882334,24.217454],[78.792804,24.176827],[78.761928,24.259463],[78.748644,24.233047],[78.66863,24.240036],[78.586099,24.353714],[78.518617,24.387818],[78.41163,24.271627],[78.347898,24.299494],[78.329195,24.329443],[78.365781,24.385971],[78.269684,24.446934],[78.225412,24.521368],[78.264464,24.552198],[78.276691,24.66299],[78.168965,24.862618],[78.333972,24.994916],[78.33863,25.08658],[78.446816,25.121774],[78.427296,25.153987],[78.458258,25.163723],[78.395275,25.187911],[78.410948,25.212665],[78.359796,25.242193],[78.354582,25.292259],[78.31173,25.303305],[78.343789,25.328461],[78.305308,25.376756],[78.354541,25.451985],[78.377657,25.436816],[78.431303,25.473635],[78.443601,25.56321],[78.587744,25.556602],[78.618139,25.583664],[78.65828,25.559855],[78.811762,25.620784],[78.816703,25.676323],[78.752923,25.750941],[78.828736,25.795584],[78.818173,25.829148],[78.850574,25.811218],[78.884639,25.913937],[78.938962,25.942695],[78.948299,26.027755],[79.012064,26.083189],[78.948908,26.128686],[79.004896,26.148054],[78.993704,26.196897],[79.026542,26.191323],[78.989394,26.234982],[79.063446,26.225909],[79.045649,26.260339],[79.118604,26.300368],[79.138837,26.337545],[79.08425,26.362352],[79.13518,26.440133],[79.052617,26.45374],[79.068129,26.496624],[78.989857,26.579],[79.016543,26.600659],[79.004791,26.67335],[78.945494,26.654829],[78.955569,26.691779],[78.871745,26.698115],[78.815866,26.762357],[78.725575,26.795931],[78.576245,26.748799],[78.460669,26.787642],[78.433543,26.825747],[78.395234,26.817108],[78.362921,26.868828],[78.28351,26.854461],[78.260974,26.813571],[78.196821,26.879532],[78.232642,26.874285],[78.271795,26.917581],[78.224201,26.946471],[78.118554,26.946983],[78.111194,26.895887],[78.048803,26.910143],[78.02647,26.849544],[78.014583,26.902921],[77.906356,26.917789],[77.896485,26.884008],[77.759847,26.932469],[77.722604,26.874328],[77.610332,26.828587],[77.525679,26.818882],[77.501165,26.844464],[77.485219,26.748024],[77.431335,26.771089],[77.427276,26.864097],[77.762952,27.006856],[77.737681,27.029762],[77.711936,26.997116],[77.679761,27.047095],[77.630022,27.010218],[77.563202,27.029382],[77.571684,27.07188],[77.519339,27.066631],[77.517735,27.102471],[77.597839,27.118012],[77.619951,27.173562],[77.681125,27.194416],[77.598662,27.297217],[77.622704,27.336199],[77.578778,27.322677],[77.439523,27.390729],[77.437808,27.456332],[77.339986,27.526634],[77.358211,27.588976],[77.317052,27.606766],[77.352576,27.651253],[77.282932,27.799805],[77.348327,27.855583],[77.421851,27.854413],[77.420129,27.890478],[77.47217,27.883629],[77.484734,27.934984],[77.536628,27.934189],[77.516912,27.97117],[77.542408,27.989269],[77.474256,28.087473],[77.512355,28.124893],[77.5021,28.161232],[77.549641,28.179799],[77.497294,28.206053],[77.530373,28.198749],[77.550429,28.242392],[77.492691,28.252011],[77.507079,28.30571],[77.471224,28.334851],[77.50483,28.370017],[77.477632,28.419078],[77.299965,28.559795],[77.342409,28.608923],[77.316257,28.641253],[77.33107,28.713141],[77.291509,28.706192],[77.199273,28.797735],[77.224385,28.825361],[77.189033,28.880225],[77.226659,28.880134],[77.234351,28.911555],[77.134074,29.095193],[77.161154,29.332411],[77.123284,29.37039],[77.1574,29.387362],[77.096371,29.519529],[77.126837,29.559485],[77.083955,29.589079],[77.156557,29.692617],[77.119811,29.76011],[77.179406,29.813108],[77.187977,29.911396],[77.276008,29.996092],[77.277775,30.041862],[77.422576,30.103458],[77.428025,30.162824],[77.584072,30.308303],[77.590419,30.406327],[77.591893,30.406316]]]]}},{"type":"Feature","properties":{"State_Name":"Sikkim"},"geometry":{"type":"MultiPolygon","coordinates":[[[[88.61635,28.127628],[88.670225,28.074325],[88.757172,28.078492],[88.838817,28.01487],[88.836304,27.929152],[88.887072,27.856499],[88.856368,27.815923],[88.851945,27.671702],[88.766141,27.566379],[88.782263,27.449899],[88.919211,27.326822],[88.908271,27.278118],[88.803096,27.247836],[88.734613,27.134732],[88.685833,27.176013],[88.655197,27.159489],[88.589086,27.189242],[88.5251,27.175045],[88.529951,27.147962],[88.430688,27.079364],[88.302042,27.128859],[88.153651,27.10969],[88.096192,27.133361],[88.065,27.213247],[88.012802,27.217052],[88.067062,27.335734],[88.04425,27.495946],[88.197268,27.791351],[88.173582,27.820236],[88.196558,27.853745],[88.133342,27.882074],[88.132596,27.94915],[88.206937,27.941109],[88.237229,27.970718],[88.250076,27.941102],[88.347382,27.988835],[88.407826,27.982068],[88.494677,28.054393],[88.544275,28.033392],[88.551201,28.08237],[88.618377,28.099675],[88.608812,28.129395],[88.61635,28.127628]]]]}},{"type":"Feature","properties":{"State_Name":"Assam"},"geometry":{"type":"MultiPolygon","coordinates":[[[[93.249611,24.973123],[93.191535,24.804396],[93.149463,24.787374],[93.109429,24.811475],[93.071151,24.600642],[93.104362,24.582382],[93.058181,24.573837],[93.041641,24.41301],[92.959281,24.391899],[92.909345,24.412909],[92.829595,24.373593],[92.762997,24.521132],[92.684836,24.346537],[92.62477,24.334075],[92.612303,24.253468],[92.550896,24.247222],[92.534212,24.180147],[92.464979,24.136135],[92.419167,24.191939],[92.422532,24.254856],[92.212872,24.249927],[92.27409,24.388317],[92.212941,24.504017],[92.296031,24.736456],[92.232873,24.900146],[92.299425,24.91572],[92.400096,24.84865],[92.487922,24.871309],[92.487617,24.946771],[92.449265,24.938764],[92.468174,24.963025],[92.416346,24.989924],[92.480629,25.108309],[92.539423,25.099054],[92.52245,25.139219],[92.621433,25.115026],[92.663475,25.176668],[92.802915,25.216173],[92.761888,25.246528],[92.786932,25.314373],[92.73802,25.379333],[92.65362,25.433523],[92.606631,25.413232],[92.598613,25.468138],[92.564666,25.465484],[92.642839,25.534809],[92.652991,25.590928],[92.572491,25.557351],[92.554167,25.614804],[92.50563,25.616311],[92.444291,25.719695],[92.384019,25.754523],[92.156148,25.672183],[92.1511,25.816639],[92.225562,25.909169],[92.154739,25.910992],[92.152436,25.944319],[92.268884,26.068174],[92.1694,26.077638],[92.132616,26.044239],[91.989056,26.03853],[91.918984,25.997832],[91.867298,26.042018],[91.879171,26.097976],[91.825399,26.119406],[91.731061,26.058927],[91.720108,25.953596],[91.670601,25.904152],[91.609472,25.937392],[91.640715,25.963758],[91.631095,26.021967],[91.579841,26.033248],[91.474809,25.874021],[91.530434,25.871254],[91.335355,25.840544],[91.222454,25.722563],[91.178262,25.777352],[91.19583,25.861394],[91.006015,25.820383],[91.030548,25.885802],[90.968855,25.885219],[90.947435,25.948092],[90.916836,25.914056],[90.884526,25.950308],[90.809054,25.952437],[90.766377,25.907641],[90.738977,25.916158],[90.748095,25.956716],[90.717588,25.954941],[90.621866,25.897836],[90.624124,25.939175],[90.587871,25.958071],[90.51498,25.896101],[90.535004,25.949588],[90.476134,26.009587],[90.425188,25.988839],[90.372177,26.011266],[90.186884,25.944095],[90.151093,25.96669],[90.019368,25.892076],[90.003586,25.839235],[89.948259,25.825471],[89.937577,25.745426],[89.894739,25.744969],[90.02025,25.607487],[89.878362,25.550334],[89.852074,25.466723],[89.881791,25.625858],[89.816544,25.814302],[89.887077,25.945202],[89.825387,25.945504],[89.871032,25.980702],[89.835841,26.012597],[89.820272,25.987641],[89.807417,26.044003],[89.788038,26.019207],[89.794851,26.087513],[89.698658,26.190671],[89.734075,26.20986],[89.700547,26.21786],[89.732161,26.236608],[89.702328,26.259262],[89.738399,26.269725],[89.720455,26.307792],[89.757208,26.288691],[89.78106,26.352741],[89.856413,26.384162],[89.828074,26.394513],[89.869089,26.453585],[89.858948,26.734918],[90.13988,26.753619],[90.194523,26.773271],[90.2305,26.858907],[90.300298,26.84822],[90.356563,26.900655],[90.416648,26.904532],[90.546613,26.81664],[90.717278,26.768268],[91.05406,26.780985],[91.097563,26.821993],[91.337248,26.780861],[91.407647,26.839603],[91.495107,26.791206],[91.689797,26.806451],[91.891736,26.919063],[92.056725,26.847385],[92.114477,26.893694],[92.583342,26.959541],[92.672478,27.031649],[92.886609,26.999745],[93.021856,26.913417],[93.322716,26.96001],[93.586669,26.95047],[93.670769,26.971487],[93.770871,27.062036],[93.829227,27.066814],[93.805995,27.14876],[94.156666,27.474858],[94.268255,27.520841],[94.209507,27.605083],[94.237564,27.63268],[94.277399,27.589437],[94.364012,27.57435],[94.431682,27.600333],[94.461732,27.555242],[94.68791,27.665142],[94.754307,27.660548],[94.852346,27.727603],[95.249037,27.850062],[95.308761,27.868011],[95.379577,27.839179],[95.514595,27.87639],[95.605278,27.954615],[95.971744,27.962449],[95.752263,27.720918],[95.790463,27.680142],[95.790644,27.599648],[95.876649,27.544283],[95.844507,27.421584],[95.883216,27.435318],[95.885726,27.398155],[95.94131,27.437292],[96.017754,27.364919],[95.892431,27.255284],[95.859305,27.287221],[95.800888,27.284267],[95.587573,27.222941],[95.50881,27.261875],[95.457579,27.208783],[95.453273,27.129434],[95.354765,27.10391],[95.246436,27.023805],[95.19306,27.035928],[95.016764,26.921063],[94.923491,26.946366],[94.758329,26.766006],[94.620302,26.712122],[94.597071,26.734553],[94.593879,26.697195],[94.539264,26.706185],[94.460284,26.66163],[94.465495,26.633061],[94.402922,26.610568],[94.400876,26.534153],[94.316622,26.458324],[94.284785,26.561069],[94.256337,26.541223],[94.171734,26.429785],[94.174556,26.34046],[94.105054,26.319949],[94.001078,26.172267],[93.953001,26.002966],[93.978695,25.916729],[93.795474,25.808928],[93.76545,25.969752],[93.681529,25.904386],[93.714322,25.844513],[93.646136,25.82238],[93.496553,25.654534],[93.32702,25.546488],[93.390343,25.460385],[93.458193,25.430984],[93.470503,25.30506],[93.381119,25.239629],[93.332371,25.093519],[93.243883,25.018286],[93.249611,24.973123],[93.249611,24.973123]]],[[[89.800106,26.350509],[89.817512,26.320839],[89.802386,26.350477],[89.800106,26.350509]]]]}},{"type":"Feature","properties":{"State_Name":"Arunachal Pradesh"},"geometry":{"type":"MultiPolygon","coordinates":[[[[96.085377,29.459277],[96.227187,29.245905],[96.301255,29.242159],[96.37295,29.283488],[96.395382,29.24664],[96.351445,29.172159],[96.24424,29.152448],[96.121697,29.070851],[96.177257,28.992116],[96.14329,28.928935],[96.166466,28.892107],[96.34582,29.021427],[96.522181,29.066771],[96.473106,28.977283],[96.518737,28.958025],[96.533272,28.875119],[96.613607,28.766451],[96.586278,28.708809],[96.466975,28.670907],[96.481801,28.61907],[96.318497,28.5186],[96.356856,28.468697],[96.251966,28.393949],[96.361791,28.374362],[96.391454,28.326556],[96.456675,28.405751],[96.650429,28.449999],[96.769962,28.36096],[96.887819,28.378243],[96.990011,28.304459],[97.113469,28.344516],[97.172775,28.286247],[97.289986,28.265599],[97.395384,28.191565],[97.326126,28.150017],[97.342986,28.11454],[97.306987,28.07437],[97.374294,28.062764],[97.40742,28.018674],[97.364058,27.968119],[97.38218,27.893137],[97.361794,27.873611],[97.301937,27.916236],[97.248527,27.899134],[97.089297,27.733932],[97.031967,27.748529],[96.984526,27.66581],[96.934195,27.660234],[96.889727,27.606667],[96.929922,27.515486],[96.903,27.452738],[97.162274,27.140446],[97.136752,27.08961],[97.062014,27.089978],[96.984813,27.15443],[96.874328,27.180542],[96.854627,27.210003],[96.885036,27.259304],[96.796741,27.345655],[96.704409,27.372091],[96.605572,27.365479],[96.524093,27.286142],[96.440722,27.306316],[96.228304,27.278644],[96.023147,27.180092],[95.946181,27.051857],[95.802057,27.014647],[95.722954,26.881454],[95.667339,26.902923],[95.608324,26.812992],[95.543159,26.835586],[95.507462,26.808921],[95.430493,26.700186],[95.258869,26.655548],[95.212524,26.729433],[95.24135,26.781451],[95.181143,26.859203],[95.230481,26.885154],[95.192893,27.035779],[95.246436,27.023805],[95.354765,27.10391],[95.453273,27.129434],[95.457579,27.208783],[95.509174,27.262037],[95.587573,27.222941],[95.800888,27.284267],[95.859305,27.287221],[95.892431,27.255284],[96.017754,27.364919],[95.94131,27.437292],[95.885726,27.398155],[95.883216,27.435318],[95.844507,27.421584],[95.876649,27.544283],[95.790644,27.599648],[95.790463,27.680142],[95.752263,27.720918],[95.971287,27.96272],[95.605278,27.954615],[95.520132,27.881238],[95.379577,27.839179],[95.308761,27.868011],[94.922325,27.749923],[94.461732,27.555242],[94.431682,27.600333],[94.364012,27.57435],[94.277399,27.589437],[94.237564,27.63268],[94.209507,27.605083],[94.268255,27.520841],[94.156666,27.474858],[93.805995,27.14876],[93.829227,27.066814],[93.770871,27.062036],[93.665057,26.968506],[93.489102,26.936177],[93.324102,26.960079],[93.021856,26.913417],[92.886609,26.999745],[92.672478,27.031649],[92.583342,26.959541],[92.120019,26.888984],[92.118114,26.974373],[92.023134,27.109552],[92.072571,27.233106],[92.038002,27.258422],[92.124975,27.282018],[92.064584,27.326979],[92.019371,27.478051],[91.766972,27.464755],[91.695059,27.505328],[91.652452,27.483041],[91.566315,27.58306],[91.564069,27.641403],[91.645405,27.763377],[91.614645,27.82185],[91.565977,27.818615],[91.575537,27.864293],[91.667963,27.852747],[91.733719,27.800103],[91.825266,27.80763],[91.873727,27.724277],[91.923727,27.717255],[92.245792,27.867971],[92.310365,27.778405],[92.499852,27.845539],[92.555663,27.817424],[92.738246,27.987618],[92.663017,28.068079],[92.687259,28.129135],[92.81374,28.210446],[92.833508,28.175788],[92.9637,28.261254],[92.999579,28.235597],[93.028795,28.309778],[93.221535,28.327504],[93.228963,28.406227],[93.184718,28.441518],[93.279663,28.506575],[93.338971,28.638024],[93.45131,28.674001],[93.475638,28.652114],[93.494852,28.683417],[93.575641,28.654557],[93.734444,28.685773],[93.777101,28.666101],[93.843735,28.707443],[93.930068,28.670103],[93.996151,28.77238],[93.996219,28.842929],[94.15109,28.95919],[94.218129,29.081567],[94.433459,29.225482],[94.54757,29.221962],[94.633968,29.345851],[94.750495,29.270458],[94.804958,29.166779],[94.908265,29.177885],[95.023887,29.130582],[94.990104,29.171887],[95.124476,29.114625],[95.248432,29.108548],[95.262307,29.053346],[95.447326,29.031328],[95.494308,29.139859],[95.541702,29.129358],[95.533514,29.211859],[95.584597,29.215247],[95.592519,29.257439],[95.631694,29.247226],[95.779239,29.358294],[95.79843,29.339099],[95.872838,29.393089],[95.95464,29.38398],[96.082095,29.46059],[96.085377,29.459277]]]]}},{"type":"Feature","properties":{"State_Name":"Nagaland"},"geometry":{"type":"MultiPolygon","coordinates":[[[[95.192724,27.027103],[95.230481,26.885154],[95.181143,26.859203],[95.24135,26.781451],[95.212524,26.729433],[95.233103,26.680922],[95.14941,26.615893],[95.061786,26.449971],[95.132176,26.377989],[95.117838,26.10156],[95.185708,26.073346],[95.011575,25.897878],[95.049017,25.75951],[94.936079,25.667882],[94.881644,25.590963],[94.89861,25.56509],[94.845905,25.562019],[94.783922,25.480487],[94.628133,25.45976],[94.55274,25.507094],[94.59064,25.638195],[94.568569,25.69209],[94.500911,25.611523],[94.425603,25.587413],[94.415817,25.537333],[94.30914,25.489352],[94.210592,25.495364],[94.190708,25.547633],[94.088049,25.528154],[94.010856,25.591766],[93.961351,25.552295],[93.832795,25.559054],[93.766989,25.536388],[93.762102,25.496002],[93.800305,25.495054],[93.805209,25.461589],[93.688995,25.357784],[93.608716,25.202485],[93.550978,25.246957],[93.501467,25.240655],[93.448513,25.340252],[93.458193,25.430984],[93.390343,25.460385],[93.326687,25.545923],[93.496553,25.654534],[93.646136,25.82238],[93.714322,25.844513],[93.681529,25.904386],[93.76545,25.969752],[93.795474,25.808928],[93.978695,25.916729],[93.953001,26.002966],[94.001078,26.172267],[94.105054,26.319949],[94.174556,26.34046],[94.171734,26.429785],[94.256337,26.541223],[94.284785,26.561069],[94.316622,26.458324],[94.400876,26.534153],[94.402922,26.610568],[94.465495,26.633061],[94.460284,26.66163],[94.539264,26.706185],[94.593879,26.697195],[94.597071,26.734553],[94.620302,26.712122],[94.758329,26.766006],[94.922222,26.94573],[95.016764,26.921063],[95.192521,27.035207],[95.192724,27.027103]]]]}},{"type":"Feature","properties":{"State_Name":"Manipur"},"geometry":{"type":"MultiPolygon","coordinates":[[[[94.574148,25.690428],[94.59064,25.638195],[94.55274,25.507094],[94.680849,25.454755],[94.575466,25.213876],[94.737007,25.134615],[94.744148,25.03687],[94.696841,24.968218],[94.712333,24.931321],[94.632539,24.839206],[94.605508,24.712325],[94.540192,24.706891],[94.539138,24.643107],[94.453611,24.565402],[94.42361,24.483433],[94.396034,24.482891],[94.396955,24.408603],[94.358363,24.393347],[94.379836,24.377364],[94.317597,24.330221],[94.15577,23.847569],[94.119505,23.836251],[94.097921,23.886241],[93.93086,23.94997],[93.807498,23.92704],[93.754385,24.005244],[93.623237,24.01082],[93.591668,23.960801],[93.559951,23.982224],[93.505057,23.942214],[93.416946,24.071407],[93.348824,24.10474],[93.33212,24.053133],[93.250638,24.020712],[93.243449,24.082273],[93.212169,24.047063],[93.137772,24.083954],[93.096507,24.042337],[93.075165,24.100271],[92.972195,24.112346],[93.039317,24.340742],[92.998308,24.399756],[93.042562,24.414911],[93.058511,24.574456],[93.104362,24.582382],[93.071151,24.600642],[93.109429,24.811475],[93.149463,24.787374],[93.196954,24.811359],[93.263006,24.961336],[93.243883,25.018286],[93.332371,25.093519],[93.393662,25.254741],[93.470556,25.30505],[93.501467,25.240655],[93.550978,25.246957],[93.604154,25.198356],[93.688995,25.357784],[93.805209,25.461589],[93.800305,25.495054],[93.762102,25.496002],[93.768177,25.536916],[93.961351,25.552295],[94.010856,25.591766],[94.088049,25.528154],[94.190708,25.547633],[94.210592,25.495364],[94.30914,25.489352],[94.415817,25.537333],[94.425603,25.587413],[94.500911,25.611523],[94.568569,25.69209],[94.574148,25.690428]]]]}},{"type":"Feature","properties":{"State_Name":"Mizoram"},"geometry":{"type":"MultiPolygon","coordinates":[[[[92.763841,24.520978],[92.829373,24.373687],[92.909345,24.412909],[93.020355,24.38785],[93.022453,24.230017],[92.972195,24.112346],[93.075165,24.100271],[93.096507,24.042337],[93.143469,24.085239],[93.212169,24.047063],[93.243449,24.082273],[93.250638,24.020712],[93.337508,24.041169],[93.328378,23.985361],[93.3944,23.924125],[93.391752,23.75622],[93.437063,23.686643],[93.401647,23.383749],[93.355854,23.352494],[93.385612,23.133836],[93.293438,23.006796],[93.229251,23.011426],[93.184465,23.059381],[93.125812,23.040723],[93.164379,22.910704],[93.130948,22.905926],[93.094308,22.806062],[93.09535,22.673057],[93.140764,22.592303],[93.106588,22.52665],[93.185482,22.42725],[93.201703,22.26228],[93.142126,22.24546],[93.150935,22.176255],[93.111081,22.204252],[93.038142,22.195173],[93.059508,22.101097],[93.004348,22.103445],[93.007517,21.982351],[92.95189,22.029789],[92.90549,21.940388],[92.86354,22.062802],[92.699763,22.155074],[92.680036,22.011634],[92.60322,21.977625],[92.56262,22.128024],[92.605746,22.123392],[92.609226,22.164019],[92.521671,22.559884],[92.528724,22.665152],[92.513196,22.732785],[92.473844,22.746209],[92.449236,22.895009],[92.371778,22.936171],[92.392384,23.056451],[92.346784,23.235673],[92.40419,23.240657],[92.27303,23.641665],[92.257065,23.812472],[92.325189,23.914089],[92.332057,24.179561],[92.289593,24.252353],[92.422531,24.254856],[92.436422,24.153033],[92.478679,24.142022],[92.53301,24.176502],[92.550896,24.247222],[92.612303,24.253468],[92.62477,24.334075],[92.684836,24.346537],[92.763597,24.521122],[92.763841,24.520978]]]]}},{"type":"Feature","properties":{"State_Name":"Tripura"},"geometry":{"type":"MultiPolygon","coordinates":[[[[92.169487,24.531752],[92.230439,24.50171],[92.27409,24.388317],[92.212872,24.249927],[92.289593,24.252353],[92.332057,24.179561],[92.316731,23.864347],[92.269175,23.846913],[92.265447,23.724769],[92.222624,23.652826],[92.169734,23.739682],[92.063335,23.645015],[92.000408,23.670697],[91.978268,23.733084],[91.950668,23.726234],[91.970385,23.478283],[91.936662,23.466602],[91.942608,23.434977],[91.844989,23.404685],[91.762409,23.302936],[91.8358,23.092986],[91.774517,23.069616],[91.780608,23.029092],[91.720624,22.987424],[91.645459,22.985022],[91.618193,22.938454],[91.542486,22.999457],[91.50754,23.183684],[91.40894,23.285193],[91.379897,23.184512],[91.417235,23.064516],[91.346959,23.102302],[91.289853,23.318524],[91.320086,23.360088],[91.291071,23.350657],[91.249342,23.490171],[91.162499,23.595044],[91.156304,23.670717],[91.199422,23.646579],[91.208529,23.686401],[91.154243,23.688393],[91.157077,23.742018],[91.219028,23.736426],[91.254088,23.837186],[91.233019,23.926957],[91.276213,23.922525],[91.284688,23.982099],[91.379526,23.975326],[91.37461,24.10777],[91.586073,24.072601],[91.637932,24.102922],[91.665159,24.233529],[91.68828,24.162085],[91.759545,24.141711],[91.745028,24.246974],[91.816356,24.209938],[91.844707,24.22577],[91.905752,24.1386],[91.940809,24.268095],[91.919988,24.33746],[91.95675,24.35666],[91.99595,24.322054],[91.966915,24.379773],[91.996439,24.393667],[92.121901,24.382242],[92.169128,24.427766],[92.169425,24.531765],[92.169487,24.531752]]],[[[91.971343,24.382251],[91.971706,24.382769],[91.971845,24.382959],[91.971343,24.382251]]]]}},{"type":"Feature","properties":{"State_Name":"Meghalaya"},"geometry":{"type":"MultiPolygon","coordinates":[[[[91.82617,26.119252],[91.879171,26.097976],[91.867298,26.042018],[91.918984,25.997832],[91.989056,26.03853],[92.132616,26.044239],[92.1694,26.077638],[92.274893,26.065651],[92.152436,25.944319],[92.154739,25.910992],[92.225562,25.909169],[92.1511,25.816639],[92.156148,25.672183],[92.384019,25.754523],[92.444291,25.719695],[92.50563,25.616311],[92.554167,25.614804],[92.572491,25.557351],[92.652991,25.590928],[92.642839,25.534809],[92.564666,25.465484],[92.598613,25.468138],[92.606631,25.413232],[92.65362,25.433523],[92.781798,25.333183],[92.761888,25.246528],[92.800852,25.213955],[92.663475,25.176668],[92.621433,25.115026],[92.521618,25.139029],[92.539423,25.099054],[92.480966,25.108576],[92.464285,25.037435],[92.421485,25.027795],[92.073851,25.184948],[91.75603,25.177497],[91.747641,25.140151],[91.703782,25.160016],[91.637914,25.122544],[91.60209,25.142721],[91.609734,25.177048],[91.471016,25.133586],[91.268013,25.207244],[90.862015,25.157626],[90.780357,25.186115],[90.733276,25.154911],[90.666006,25.165804],[90.66342,25.197852],[90.441076,25.144508],[90.330239,25.193816],[90.118113,25.223457],[89.966651,25.303696],[89.831183,25.296029],[89.825434,25.413347],[89.885936,25.507921],[89.877168,25.548989],[90.02025,25.607487],[89.894739,25.744969],[89.937283,25.745119],[89.948259,25.825471],[90.003586,25.839235],[90.008093,25.881608],[90.11685,25.957218],[90.270582,25.96031],[90.399747,26.012516],[90.502535,25.991461],[90.535004,25.949588],[90.51498,25.896101],[90.58787,25.958071],[90.624124,25.939175],[90.621866,25.897836],[90.717588,25.954941],[90.748095,25.956716],[90.738977,25.916158],[90.766377,25.907641],[90.809054,25.952437],[90.884526,25.950308],[90.916836,25.914056],[90.947435,25.948092],[90.968855,25.885219],[91.030548,25.885802],[91.006015,25.820383],[91.19583,25.861394],[91.178262,25.777352],[91.222454,25.722563],[91.335355,25.840544],[91.530434,25.871254],[91.474809,25.874021],[91.579841,26.033248],[91.631095,26.021967],[91.640715,25.963758],[91.609472,25.937392],[91.670601,25.904152],[91.720108,25.953596],[91.731061,26.058927],[91.82541,26.119401],[91.82617,26.119252]]]]}},{"type":"Feature","properties":{"State_Name":"West Bengal"},"geometry":{"type":"MultiPolygon","coordinates":[[[[88.03764,27.220843],[88.078875,27.201168],[88.096192,27.133361],[88.153651,27.10969],[88.302042,27.128859],[88.430688,27.079364],[88.555072,27.183987],[88.804061,27.138835],[88.870879,27.107877],[88.877139,26.944365],[88.921684,26.993927],[88.943924,26.934147],[89.021572,26.940686],[89.095699,26.891673],[89.134483,26.807639],[89.262395,26.813778],[89.378982,26.862178],[89.469526,26.802693],[89.560169,26.81286],[89.650579,26.776296],[89.623779,26.718449],[89.752805,26.735313],[89.771372,26.701004],[89.862425,26.701466],[89.874251,26.583919],[89.868834,26.452154],[89.828166,26.396752],[89.856413,26.384162],[89.78106,26.352741],[89.757208,26.288691],[89.719899,26.306941],[89.738399,26.269725],[89.702328,26.259262],[89.732161,26.236608],[89.700547,26.21786],[89.734075,26.20986],[89.698658,26.190671],[89.736748,26.171958],[89.701378,26.151755],[89.68605,26.23066],[89.63444,26.22941],[89.627813,26.183909],[89.658661,26.176227],[89.607455,26.179141],[89.596597,26.135032],[89.630357,26.118272],[89.593882,26.102161],[89.629958,26.107043],[89.649901,26.062484],[89.605399,26.063753],[89.556005,25.965216],[89.540896,26.005901],[89.428739,26.012265],[89.423843,26.04692],[89.392793,26.007191],[89.349062,26.010351],[89.254407,26.064121],[89.266798,26.092637],[89.22943,26.123857],[89.15538,26.138611],[89.100104,26.279468],[89.136307,26.320107],[89.083486,26.32236],[89.09625,26.391155],[88.994039,26.412819],[88.96514,26.457808],[88.904789,26.408459],[88.910113,26.369802],[88.958429,26.361681],[88.956025,26.329988],[88.987219,26.348321],[88.995738,26.290238],[89.059467,26.293435],[89.050685,26.241653],[88.957317,26.240296],[88.898269,26.288644],[88.861385,26.272663],[88.877864,26.233378],[88.841725,26.23072],[88.793564,26.30997],[88.666226,26.262657],[88.67513,26.320072],[88.746508,26.322385],[88.74587,26.347067],[88.702764,26.334394],[88.70227,26.388444],[88.623771,26.434788],[88.62289,26.471079],[88.560929,26.456463],[88.485009,26.540685],[88.43597,26.545027],[88.409257,26.634848],[88.331867,26.481806],[88.354823,26.447022],[88.371239,26.488205],[88.485245,26.460257],[88.523238,26.360543],[88.482362,26.349703],[88.457723,26.37666],[88.349668,26.28225],[88.35051,26.220423],[88.177276,26.148057],[88.183207,26.026777],[88.139712,26.012917],[88.086278,25.917473],[88.114476,25.797941],[88.151494,25.775551],[88.269554,25.808177],[88.401686,25.672562],[88.453815,25.664937],[88.444352,25.596922],[88.499915,25.583949],[88.539953,25.508296],[88.609087,25.516302],[88.699495,25.471194],[88.707517,25.499867],[88.768846,25.498541],[88.75869,25.525244],[88.810527,25.523142],[88.840185,25.36376],[88.929461,25.304083],[89.009442,25.299034],[88.923076,25.164909],[88.843763,25.213807],[88.80586,25.170451],[88.711481,25.20766],[88.565579,25.175088],[88.499145,25.210386],[88.443688,25.197297],[88.452658,25.036871],[88.398838,24.94532],[88.340904,24.940631],[88.330619,24.87014],[88.276084,24.897795],[88.258266,24.87755],[88.226113,24.959706],[88.138044,24.936161],[88.175013,24.860146],[88.008756,24.667834],[88.140755,24.51124],[88.333984,24.381393],[88.446432,24.378581],[88.527119,24.344379],[88.555135,24.293341],[88.567688,24.326654],[88.696588,24.315353],[88.735439,24.276495],[88.746491,24.147065],[88.69319,24.111153],[88.757491,24.032095],[88.729046,23.996114],[88.768946,23.982197],[88.738217,23.982914],[88.733404,23.910975],[88.667586,23.869445],[88.575641,23.861552],[88.602129,23.817216],[88.556035,23.784211],[88.580815,23.760536],[88.558208,23.649154],[88.593765,23.64081],[88.580074,23.602967],[88.645532,23.609284],[88.654253,23.556153],[88.741421,23.47968],[88.800787,23.497124],[88.749262,23.400554],[88.765435,23.367884],[88.732032,23.351987],[88.745298,23.30782],[88.696361,23.30229],[88.718894,23.254798],[88.789801,23.21834],[88.811462,23.256088],[88.995725,23.2147],[88.868446,23.101068],[88.879755,23.006326],[88.845086,23.009858],[88.859445,22.94319],[88.894264,22.951999],[88.90943,22.879856],[88.968463,22.845043],[88.911005,22.757731],[88.962366,22.694972],[88.925799,22.65033],[88.997141,22.469917],[88.984178,22.327301],[89.024068,22.298414],[88.99417,22.286793],[89.070753,22.19722],[89.070509,22.150049],[89.098226,22.152225],[89.039437,22.099757],[89.081554,22.010672],[89.068744,21.942114],[89.0271,21.92583],[89.004667,21.971278],[89.009593,21.896108],[88.924466,21.946964],[88.939524,22.056814],[88.988012,22.11262],[88.933535,22.067793],[88.930922,21.987349],[88.898639,22.002014],[88.891603,21.91998],[88.840876,21.936711],[88.836994,21.975392],[88.740869,21.981244],[88.758688,22.079037],[88.830967,22.122978],[88.807159,22.132745],[88.728125,22.043836],[88.704877,21.945904],[88.625071,21.956077],[88.638118,22.046109],[88.606121,21.905508],[88.572289,21.884147],[88.542376,21.908202],[88.523767,21.85361],[88.494879,21.87697],[88.52528,21.918165],[88.501982,21.896791],[88.505291,21.98329],[88.476194,21.897353],[88.501451,21.809079],[88.414083,21.692715],[88.412468,21.584869],[88.265402,21.801337],[88.309876,21.835725],[88.261517,21.806045],[88.305383,21.669903],[88.296643,21.594213],[88.254534,21.556115],[88.254267,21.630192],[88.246033,21.584403],[88.23055,21.657862],[88.211596,21.600358],[88.18131,21.662366],[88.214976,21.763326],[88.141316,21.957276],[88.224252,22.099174],[88.194398,22.183638],[88.070035,22.215269],[88.106884,22.374688],[88.145486,22.408579],[88.121945,22.466328],[88.239815,22.522423],[88.238434,22.56115],[88.32159,22.555176],[88.23667,22.562477],[88.237179,22.527616],[88.114627,22.46856],[88.1385,22.414497],[88.088008,22.366707],[88.048282,22.21783],[87.959231,22.280198],[87.947894,22.416488],[87.88091,22.44875],[87.901025,22.537157],[87.845313,22.556276],[87.854417,22.597323],[87.84267,22.557142],[87.899623,22.470584],[87.873225,22.44773],[87.936693,22.421576],[87.950528,22.282582],[88.009048,22.240288],[87.994751,22.208764],[88.134075,22.182844],[88.189095,22.10762],[88.065692,22.01635],[87.988604,22.091761],[88.04957,22.0033],[87.945263,21.822386],[87.673817,21.645565],[87.486282,21.609678],[87.445382,21.767953],[87.276593,21.805092],[87.235919,21.956978],[87.170203,21.97933],[87.161555,21.935498],[87.09642,21.913881],[87.098663,21.865732],[87.037787,21.868051],[87.001742,21.913831],[87.017433,22.046239],[86.960148,22.087864],[86.837868,22.097617],[86.795754,22.156842],[86.721856,22.146671],[86.727013,22.216713],[86.802284,22.21785],[86.792268,22.266234],[86.803063,22.244312],[86.813474,22.267452],[86.886794,22.25731],[86.88818,22.297252],[86.833208,22.324398],[86.845594,22.399791],[86.751151,22.455728],[86.750712,22.482407],[86.800953,22.488276],[86.765867,22.575624],[86.658591,22.575623],[86.635096,22.665529],[86.548073,22.720802],[86.510627,22.70473],[86.419432,22.790921],[86.467348,22.900816],[86.435848,22.925829],[86.525512,22.947228],[86.547049,22.989339],[86.185595,23.005173],[86.146138,23.075223],[86.04922,23.105996],[86.043731,23.144864],[85.894208,23.155196],[85.819707,23.268416],[85.883597,23.350297],[85.869795,23.388841],[85.902683,23.398452],[85.863658,23.431571],[85.870879,23.475469],[86.054176,23.486867],[86.016823,23.547466],[86.042057,23.58612],[86.158669,23.559427],[86.148515,23.465293],[86.246057,23.459598],[86.247522,23.411597],[86.310189,23.411769],[86.379342,23.473696],[86.387839,23.573991],[86.461892,23.629714],[86.713004,23.698531],[86.799347,23.688902],[86.828316,23.753212],[86.805484,23.837459],[86.826744,23.814117],[86.874712,23.847529],[86.889872,23.819581],[86.881322,23.863062],[86.915718,23.883144],[86.94692,23.845974],[86.973902,23.868857],[87.122568,23.796119],[87.167316,23.82504],[87.12947,23.868857],[87.233922,23.856422],[87.240721,23.825753],[87.246249,23.908673],[87.26953,23.874366],[87.295384,23.902033],[87.245438,24.044989],[87.337023,24.03394],[87.329223,23.998659],[87.460062,23.984117],[87.437988,24.012873],[87.512011,24.036018],[87.497596,24.117796],[87.558891,24.081366],[87.610289,24.132343],[87.575886,24.160888],[87.694118,24.150562],[87.638869,24.254687],[87.706024,24.260359],[87.801397,24.383073],[87.828322,24.498508],[87.79426,24.501257],[87.808867,24.5474],[87.771739,24.583665],[87.852047,24.553854],[87.908873,24.585689],[87.875232,24.613668],[87.914304,24.636987],[87.90785,24.721229],[87.817753,24.760861],[87.836174,24.789775],[87.836617,24.765787],[87.868701,24.774255],[87.870082,24.82611],[87.900309,24.82296],[87.890803,24.855103],[87.96234,24.937756],[87.939928,24.991287],[87.795778,25.087238],[87.778717,25.250462],[87.711416,25.257603],[87.818542,25.241878],[87.846658,25.264476],[87.76667,25.415],[87.787095,25.449202],[87.864314,25.464317],[87.884034,25.520489],[87.959212,25.53865],[88.004323,25.496208],[88.073258,25.4836],[88.077062,25.506734],[88.020908,25.570439],[88.049743,25.702167],[87.904434,25.772446],[87.91772,25.816095],[87.889205,25.829699],[87.915748,25.853316],[87.829672,25.871505],[87.810842,25.927882],[87.83967,25.933839],[87.855477,26.035028],[87.92669,26.083865],[87.982355,26.072646],[87.975192,26.143016],[88.073294,26.175088],[88.300545,26.35034],[88.238347,26.380784],[88.273409,26.418955],[88.227622,26.491869],[88.182626,26.504148],[88.232832,26.570958],[88.146003,26.522152],[88.105479,26.550752],[88.187942,26.771844],[88.120315,26.950681],[88.134658,26.986025],[88.037874,27.03632],[87.991033,27.105583],[88.036523,27.220985],[88.03764,27.220843]]],[[[88.258161,26.439711],[88.258086,26.437858],[88.258212,26.436262],[88.258161,26.439711]]],[[[88.273965,26.419008],[88.273893,26.418617],[88.274432,26.418661],[88.273965,26.419008]]],[[[88.271582,26.432354],[88.271959,26.432271],[88.271695,26.432486],[88.271345,26.432555],[88.271582,26.432354]]]]}},{"type":"Feature","properties":{"State_Name":"Bihar"},"geometry":{"type":"MultiPolygon","coordinates":[[[[84.108805,27.52173],[84.151373,27.516673],[84.208927,27.4426],[84.254261,27.45405],[84.292382,27.384812],[84.621893,27.336927],[84.691144,27.214822],[84.643394,27.046144],[84.793561,26.995838],[84.825402,27.020913],[84.96258,26.960526],[84.968064,26.916145],[85.061197,26.886585],[85.02397,26.854377],[85.190842,26.869824],[85.176736,26.809622],[85.211032,26.758428],[85.334511,26.741668],[85.634554,26.872212],[85.734479,26.795872],[85.73418,26.65076],[85.851265,26.608657],[85.849209,26.568998],[86.02758,26.666787],[86.217677,26.58848],[86.33289,26.619137],[86.731398,26.422616],[86.766496,26.459441],[86.833769,26.439098],[86.89423,26.461927],[86.932159,26.516954],[87.01536,26.532044],[87.071822,26.585814],[87.091651,26.450292],[87.162562,26.403895],[87.261052,26.40927],[87.266015,26.373875],[87.341093,26.347519],[87.368893,26.407938],[87.463772,26.439509],[87.604772,26.38087],[87.677558,26.435456],[87.76476,26.409882],[87.789515,26.469431],[87.848828,26.436463],[87.888294,26.48676],[87.926942,26.417801],[88.030708,26.364906],[88.096146,26.440154],[88.098022,26.537838],[88.146003,26.522152],[88.230986,26.572396],[88.182626,26.504148],[88.227622,26.491869],[88.273409,26.418955],[88.238347,26.380784],[88.299786,26.348697],[88.073294,26.175088],[87.975192,26.143016],[87.982355,26.072646],[87.92669,26.083865],[87.855477,26.035028],[87.83967,25.933839],[87.810842,25.927882],[87.829672,25.871505],[87.915748,25.853316],[87.889205,25.829699],[87.91772,25.816095],[87.904434,25.772446],[88.049743,25.702167],[88.020908,25.570439],[88.073258,25.4836],[87.927138,25.538958],[87.824094,25.436437],[87.787095,25.449202],[87.764907,25.383819],[87.85347,25.28995],[87.818542,25.241878],[87.711089,25.257546],[87.692046,25.311534],[87.61049,25.313191],[87.584072,25.349372],[87.543021,25.280981],[87.487446,25.297244],[87.478153,25.194328],[87.327567,25.223564],[87.295552,25.088484],[87.241352,25.116848],[87.145813,25.019257],[87.156762,24.880936],[87.074521,24.817667],[87.095759,24.802675],[87.05112,24.608482],[86.939849,24.652479],[86.916488,24.545074],[86.881335,24.574093],[86.802141,24.570209],[86.787062,24.616378],[86.669428,24.566111],[86.60346,24.608086],[86.499756,24.509812],[86.445325,24.367777],[86.276176,24.46584],[86.32285,24.586833],[86.259249,24.578129],[86.215006,24.613787],[86.166915,24.58368],[86.124646,24.611212],[86.128582,24.698677],[86.094246,24.744846],[86.036946,24.740599],[86.055334,24.779668],[85.945388,24.732891],[85.867292,24.804614],[85.736726,24.820714],[85.707204,24.724468],[85.649049,24.68452],[85.668037,24.578915],[85.580667,24.60069],[85.52386,24.5209],[85.370855,24.555194],[85.391746,24.529872],[85.288242,24.523005],[85.226154,24.463193],[85.152681,24.455111],[85.17398,24.420523],[85.088795,24.372203],[85.079562,24.433419],[84.974693,24.374618],[84.903946,24.372158],[84.887414,24.463127],[84.83988,24.452299],[84.838823,24.512653],[84.80222,24.530573],[84.686447,24.456676],[84.665326,24.390922],[84.56758,24.409151],[84.496249,24.286269],[84.505058,24.331308],[84.424427,24.329768],[84.43081,24.356548],[84.297441,24.44899],[84.327559,24.500274],[84.297252,24.560422],[84.256903,24.52687],[84.188342,24.553254],[84.178254,24.505105],[84.145669,24.537479],[84.10837,24.477441],[84.008381,24.642747],[83.936815,24.549619],[83.872716,24.532149],[83.71866,24.5033],[83.503319,24.525391],[83.548007,24.623247],[83.50052,24.65122],[83.520408,24.677471],[83.489395,24.736424],[83.393147,24.78292],[83.350588,25.008748],[83.32026,25.017235],[83.367423,25.125218],[83.357298,25.199652],[83.539955,25.315759],[83.648849,25.339243],[83.701731,25.396132],[83.769022,25.386327],[83.846402,25.434323],[83.816605,25.462731],[84.081333,25.636415],[84.104483,25.720958],[84.154676,25.729261],[84.205844,25.669735],[84.27648,25.659295],[84.323989,25.670307],[84.336666,25.743521],[84.391063,25.7449],[84.406651,25.697844],[84.453506,25.713915],[84.499245,25.674819],[84.53977,25.726754],[84.557477,25.679509],[84.560346,25.736885],[84.634717,25.727899],[84.603026,25.761924],[84.624865,25.791879],[84.530549,25.831603],[84.534047,25.876218],[84.427614,25.891221],[84.354011,25.958769],[84.296971,25.945161],[84.207134,25.999819],[84.170083,25.987664],[84.117824,26.080032],[84.055977,26.100027],[84.012287,26.232273],[84.086534,26.21864],[84.121903,26.258848],[84.16631,26.241034],[84.176965,26.370634],[84.079286,26.382605],[84.017361,26.447581],[83.908076,26.447064],[83.908142,26.519052],[84.047813,26.536209],[84.086557,26.639116],[84.281506,26.599503],[84.419936,26.626373],[84.410641,26.670131],[84.330352,26.68392],[84.30614,26.749507],[84.240728,26.738697],[84.254118,26.85653],[84.219553,26.871605],[84.166156,26.83377],[84.146468,26.885399],[84.060315,26.888112],[84.03218,26.9412],[84.049564,27.043247],[84.000123,27.068563],[84.030398,27.097606],[83.946532,27.090798],[83.994245,27.175148],[83.905274,27.257352],[83.93308,27.311042],[83.836776,27.322221],[83.882915,27.370614],[83.846983,27.445856],[84.026927,27.433541],[84.108709,27.521777],[84.108805,27.52173]]],[[[88.274523,26.331906],[88.274213,26.330753],[88.274216,26.330744],[88.274523,26.331906]]],[[[88.234202,26.303781],[88.234113,26.30381],[88.234066,26.303505],[88.234202,26.303781]]]]}},{"type":"Feature","properties":{"State_Name":"Ladakh"},"geometry":{"type":"MultiPolygon","coordinates":[[[[76.809331,33.243493],[76.705567,33.409672],[76.532776,33.534779],[76.489228,33.525772],[76.399163,33.594921],[76.305657,33.561802],[76.325203,33.72921],[76.130379,33.96402],[76.095437,33.986431],[75.99791,33.961979],[75.937058,33.980652],[75.76828,34.17696],[75.632889,34.231461],[75.476319,34.37376],[75.440079,34.487251],[75.463982,34.549877],[75.352684,34.643795],[75.357842,34.782356],[75.257256,34.906845],[75.064286,34.797199],[75.009758,34.862076],[74.84124,34.933945],[74.790223,34.91478],[74.813942,35.046711],[74.637406,35.154968],[74.460045,35.08025],[74.419869,35.115002],[74.293221,35.140007],[74.114189,35.122436],[73.79727,35.238387],[73.729391,35.209704],[73.693902,35.3594],[73.784909,35.479687],[73.778656,35.522491],[73.478867,35.570274],[73.398121,35.557088],[73.281097,35.613884],[73.128106,35.716395],[73.124146,35.8386],[73.081665,35.863609],[72.976379,35.833878],[72.811096,35.857216],[72.676926,35.817497],[72.574997,35.845825],[72.512772,35.900269],[72.56694,36.007507],[72.516678,36.06734],[72.552765,36.231354],[72.61168,36.269492],[72.674704,36.263566],[72.846634,36.372658],[72.875244,36.452896],[72.959702,36.471191],[73.035522,36.537529],[73.073029,36.605278],[73.067643,36.700628],[73.407211,36.751534],[73.58609,36.707375],[73.843048,36.705742],[73.840271,36.791313],[73.708949,36.835607],[73.641891,36.90406],[73.840088,36.908848],[74.119667,36.841717],[74.152039,36.909847],[74.252319,36.900398],[74.420547,36.996117],[74.517357,36.998909],[74.558426,36.960281],[74.568119,37.051766],[74.644043,37.093819],[74.707388,37.087294],[74.74455,37.021852],[74.831749,37.062386],[74.851288,36.987968],[74.922417,36.934559],[75.025276,37.011421],[75.173702,37.001228],[75.220357,37.051628],[75.342788,37.067954],[75.352321,36.991237],[75.414044,36.976714],[75.405707,36.908406],[75.440808,36.89775],[75.463262,36.82805],[75.729706,36.74646],[75.918869,36.62048],[75.975563,36.507455],[76.08349,36.484318],[76.250774,36.357364],[76.35527,36.367643],[76.436373,36.321753],[76.438248,36.261728],[76.479039,36.222732],[76.567865,36.177926],[76.647431,36.190956],[76.728278,36.087155],[76.810356,36.053222],[76.73099,35.960381],[76.813451,35.849171],[77.001903,35.776221],[77.135388,35.794347],[77.235778,35.709956],[77.368069,35.716863],[77.437657,35.654875],[77.484159,35.533921],[77.321031,35.533956],[77.390571,35.47161],[77.536118,35.495949],[77.695679,35.480389],[77.73666,35.524123],[77.952918,35.474644],[77.960505,35.604436],[78.146951,35.539622],[78.167468,35.627673],[78.196716,35.624744],[78.209469,35.662849],[78.258344,35.642506],[78.282824,35.660134],[78.278001,35.715913],[78.400189,35.730828],[78.435135,35.778191],[78.526854,35.756466],[78.675028,35.85151],[78.827422,35.848215],[78.967848,35.884264],[79.053727,35.841068],[79.156109,35.832019],[79.220204,35.888782],[79.213438,35.953563],[79.261736,35.984289],[79.406834,35.985532],[79.435132,35.892702],[79.748089,35.791562],[79.892125,35.771812],[80.008096,35.828331],[80.122916,35.663646],[80.307152,35.589481],[80.342148,35.461506],[80.291372,35.427539],[80.268387,35.29476],[80.18605,35.148256],[80.187423,35.011703],[80.074209,34.824714],[80.063231,34.706689],[79.948861,34.666438],[79.864193,34.676426],[79.775369,34.610661],[79.792038,34.572895],[79.759453,34.537571],[79.816947,34.507376],[79.788485,34.465703],[79.597107,34.485735],[79.513757,34.460267],[79.529844,34.405815],[79.567841,34.394986],[79.596268,34.26401],[79.568537,34.206304],[79.497632,34.188519],[79.490103,34.120199],[79.420628,34.077689],[79.43409,34.01296],[79.143553,34.057734],[79.136734,34.018656],[79.011123,34.043999],[78.912099,34.01008],[78.891194,33.974412],[79.00475,33.772319],[79.056973,33.758529],[79.014121,33.684676],[79.093514,33.633936],[79.006885,33.607922],[78.907888,33.620147],[78.888221,33.573844],[78.94405,33.511976],[78.941563,33.389543],[79.085417,33.288669],[79.437341,33.251501],[79.351969,32.982548],[79.60524,32.735543],[79.545357,32.607361],[79.445641,32.571663],[79.418221,32.524171],[79.362221,32.53756],[79.312218,32.487091],[79.225743,32.516634],[79.126526,32.46431],[79.104469,32.371712],[79.049217,32.383369],[78.962746,32.337462],[78.781181,32.4753],[78.742325,32.696021],[78.625671,32.607052],[78.452721,32.579502],[78.316316,32.444559],[78.278519,32.507931],[78.296623,32.577511],[78.388817,32.62323],[78.372117,32.755536],[78.245489,32.671385],[78.160818,32.673005],[78.137792,32.638729],[78.103051,32.654955],[78.081554,32.620699],[78.04882,32.627492],[78.051944,32.588361],[77.982559,32.586529],[77.903252,32.6931],[77.915131,32.76606],[77.761429,32.86483],[77.790169,32.90543],[77.712486,32.971802],[77.4685,32.857644],[77.403574,32.881242],[77.338882,32.81597],[77.178625,32.921721],[77.146187,32.914021],[77.13628,32.979216],[76.998466,32.989571],[76.917511,33.03368],[76.877197,33.114239],[76.803459,33.155689],[76.810939,33.24191],[76.809331,33.243493]]],[[[76.828873,33.24255],[76.828498,33.245291],[76.825994,33.243578],[76.828873,33.24255]]]]}},{"type":"Feature","properties":{"State_Name":"Jammu and Kashmir"},"geometry":{"type":"MultiPolygon","coordinates":[[[[76.809331,33.243493],[76.773615,33.250509],[76.748302,33.17936],[76.64954,33.162435],[76.582015,33.206801],[76.410113,33.186471],[76.291826,33.103173],[76.278437,33.0378],[76.112328,33.006314],[76.088125,32.956217],[75.95396,32.87339],[75.84237,32.929306],[75.801353,32.885665],[75.92612,32.745614],[75.900618,32.680944],[75.930477,32.631881],[75.82057,32.492302],[75.734902,32.453971],[75.722514,32.405458],[75.550931,32.349391],[75.533448,32.27766],[75.49472,32.276909],[75.473395,32.339286],[75.431042,32.31595],[75.327769,32.326122],[75.18853,32.42448],[75.131419,32.40887],[75.093061,32.470537],[75.034126,32.491949],[74.979347,32.447769],[74.856204,32.492709],[74.687915,32.48688],[74.639043,32.614648],[74.676208,32.658001],[74.650139,32.71841],[74.697021,32.839714],[74.640519,32.81895],[74.634256,32.749546],[74.531532,32.74073],[74.449779,32.784551],[74.355046,32.767004],[74.153912,32.892616],[73.963821,32.943371],[73.911568,32.99866],[73.825661,33.004017],[73.793374,32.965773],[73.787005,33.005686],[73.762054,32.97575],[73.695,33.071934],[73.590935,33.101166],[73.605827,33.218117],[73.539177,33.387852],[73.596603,33.544052],[73.536728,33.657295],[73.563889,33.728573],[73.524254,33.81226],[73.540993,33.906906],[73.491631,33.983322],[73.511389,34.049447],[73.478218,34.221958],[73.396094,34.371613],[73.448249,34.567098],[73.556129,34.589842],[73.641098,34.56694],[73.663605,34.694435],[73.732208,34.781105],[73.986374,34.870544],[74.085266,35.018326],[74.060257,35.074715],[74.102203,35.117767],[74.293221,35.140007],[74.487755,35.078938],[74.637406,35.154968],[74.813942,35.046711],[74.790223,34.91478],[74.84124,34.933945],[75.009758,34.862076],[75.064286,34.797199],[75.257256,34.906845],[75.357842,34.782356],[75.352684,34.643795],[75.463982,34.549877],[75.440079,34.487251],[75.476319,34.37376],[75.632889,34.231461],[75.76828,34.17696],[75.937058,33.980652],[75.99791,33.961979],[76.095437,33.986431],[76.130379,33.96402],[76.325203,33.72921],[76.305657,33.561802],[76.399163,33.594921],[76.489228,33.525772],[76.532776,33.534779],[76.705567,33.409672],[76.793557,33.251751],[76.809331,33.243493]]]]}}]}